id,attr,attr,,name,attr,attr,,,,,,attr,attr,
No.,OldNo.,OldInternalNo.,HEXNo.,ja_JP,shipclasstext,shipordertext,remodelstage,countryoforigin,shiptypeHEX,shipclassHEX,shiporder,remodel,Tech,
169411328,408,699,0A190300,宗谷,耐氷型雑用運用艦,-,0a000000,100000,90000,300,0,0B190300,1938,
186188544,445,645,0B190300,宗谷(灯台補給船),-,LL01,0b000000,100000,90000,300,0,0C190300,1948,
202965760,450,650,0C190300,宗谷(南極観測船),-,PL107,0c000000,100000,90000,300,0,0A190300,1957,
253105920,322,522,0F161700,八幡丸,特設航空母艦,-,0f000000,100000,61000,700,0,10163702,1940,
253105921,321,521,0F161701,春日丸,春日丸級,1番艦,0f000000,100000,61000,700,1,10163701,1940,
269549825,317,517,10110101,占守,占守型,1番艦,10000000,100000,10000,100,1,20110101,1939,
269549826,318,518,10110102,国後,占守型,2番艦,10000000,100000,10000,100,2,20110102,1940,
269549827,384,584,10110103,八丈,占守型,3番艦,10000000,100000,10000,100,3,20110103,1940,
269549828,385,585,10110104,石垣,占守型,4番艦,10000000,100000,10000,100,4,20110104,1940,
269550081,334,524,10110201,択捉,択捉型,1番艦,10000000,100000,10000,200,1,20110201,1943,
269550082,335,525,10110202,松輪,択捉型,2番艦,10000000,100000,10000,200,2,20110202,1943,
269550083,339,531,10110203,佐渡,択捉型,3番艦,10000000,100000,10000,200,3,20110203,1943,
269550087,340,540,10110207,対馬,択捉型,7番艦,10000000,100000,10000,200,7,20110207,1943,
269550089,370,570,10110209,平戸,択捉型,9番艦,10000000,100000,10000,200,9,20110209,1943,
269550090,365,565,1011020A,福江,択捉型,10番艦,10000000,100000,10000,200,A,2011020A,1943,
269550337,351,551,10110301,日振,日振型,1番艦,10000000,100000,10000,300,1,20110301,1944,
269550338,352,552,10110302,大東,日振型,2番艦,10000000,100000,10000,300,2,20110302,1944,
269550339,495,895,10110303,昭南,日振型,3番艦,10000000,100000,10000,300,3,20110303,1944,
269550593,411,611,10110401,御蔵,御蔵型,1番艦,10000000,100000,10000,400,1,20110401,1944,
269550596,504,904,10110404,能美,御蔵型,4番艦,10000000,100000,10000,400,4,20110404,1944,
269550597,505,905,10110405,倉橋,御蔵型,5番艦,10000000,100000,10000,400,5,20110405,1944,
269550598,412,612,10110406,屋代,御蔵型,6番艦,10000000,100000,10000,400,6,20110406,1944,
269550849,521,921,10110501,鵜来,鵜来型,1番艦,10000000,100000,10000,500,1,20110501,1944,
269550860,522,922,1011050C,稲木,鵜来型,12番艦,10000000,100000,10000,500,C,2011050C,1944,
269551106,437,637,10110602,第四号海防艦,丁型海防艦,2番艦,10000000,100000,10000,600,2,20110602,1944,
269551115,498,898,1011060B,第二十二号海防艦,丁型海防艦,11番艦,10000000,100000,10000,600,B,2011060B,1944,
269551119,438,638,1011060F,第三〇号海防艦,丁型海防艦,15番艦,10000000,100000,10000,600,F,2011060F,1944,
269615361,271,471,10120101,神風,神風型,1番艦,10000000,100000,20000,100,1,20120101,1922,
269615362,272,472,10120102,朝風,神風型,2番艦,10000000,100000,20000,100,2,20120102,1923,
269615363,273,473,10120103,春風,神風型,3番艦,10000000,100000,20000,100,3,20120103,1923,
269615364,274,474,10120104,松風,神風型,4番艦,10000000,100000,20000,100,4,20120104,1924,
269615365,275,475,10120105,旗風,神風型,5番艦,10000000,100000,20000,100,5,20120105,1924,
269615873,31,1,10120301,睦月,睦月型,1番艦,10000000,100000,20000,300,1,20120301,1926,
269615874,32,2,10120302,如月,睦月型,2番艦,10000000,100000,20000,300,2,20120302,1926,
269615875,164,164,10120303,弥生,睦月型,3番艦,10000000,100000,20000,300,3,20120303,1926,
269615876,165,165,10120304,卯月,睦月型,4番艦,10000000,100000,20000,300,4,20120304,1926,
269615877,33,28,10120305,皐月,睦月型,5番艦,10000000,100000,20000,300,5,20120305,1927,
269615878,281,481,10120306,水無月,睦月型,6番艦,10000000,100000,20000,300,6,20120306,1927,
269615879,34,29,10120307,文月,睦月型,7番艦,10000000,100000,20000,300,7,20120307,1927,
269615880,35,6,10120308,長月,睦月型,8番艦,10000000,100000,20000,300,8,20120308,1927,
269615881,36,30,10120309,菊月,睦月型,9番艦,10000000,100000,20000,300,9,20120309,1927,
269615882,37,7,1012030A,三日月,睦月型,10番艦,10000000,100000,20000,300,A,2012130A,1927,
269615883,38,31,1012030B,望月,睦月型,11番艦,10000000,100000,20000,300,B,2012030B,1927,
269616129,11,9,10120401,吹雪,吹雪型,1番艦,10000000,100000,20000,400,1,20120401,1928,
269616130,12,10,10120402,白雪,吹雪型,2番艦,10000000,100000,20000,400,2,20120402,1928,
269616131,13,32,10120403,初雪,吹雪型,3番艦,10000000,100000,20000,400,3,20120403,1928,
269616132,14,11,10120404,深雪,吹雪型,4番艦,10000000,100000,20000,400,4,20120404,1928,
269616133,15,33,10120405,叢雲,吹雪型,5番艦,10000000,100000,20000,400,5,20120405,1928,
269616135,431,631,10120407,薄雲,吹雪型,7番艦,10000000,100000,20000,400,7,20120407,1928,
269616136,564,964,10120408,白雲,吹雪型,8番艦,10000000,100000,20000,400,8,20120408,1928,
269616137,16,12,10120409,磯波,吹雪型,9番艦,10000000,100000,20000,400,9,20120409,1928,
269616138,286,486,1012040A,浦波,吹雪型,10番艦,10000000,100000,20000,400,A,2012040A,1929,
269616145,17,13,10120411,綾波,綾波型,1番艦,10000000,100000,20000,410,1,20120411,1930,
269616146,18,14,10120412,敷波,綾波型,2番艦,10000000,100000,20000,410,2,20120412,1930,
269616149,279,479,10120415,天霧,綾波型,5番艦,10000000,100000,20000,410,5,20120415,1931,
269616150,280,480,10120416,狭霧,綾波型,6番艦,10000000,100000,20000,410,6,20120416,1931,
269616151,67,93,10120417,朧,綾波型,7番艦,10000000,100000,20000,410,7,20120417,1931,
269616152,68,15,10120418,曙,綾波型,8番艦,10000000,100000,20000,410,8,20120418,1931,
269616153,69,94,10120419,漣,綾波型,9番艦,10000000,100000,20000,410,9,20120419,1931,
269616154,70,16,1012041A,潮,綾波型,10番艦,10000000,100000,20000,410,A,2012041A,1931,
269616161,71,34,10120421,暁,暁型,1番艦,10000000,100000,20000,420,1,20120421,1932,
269616162,72,35,10120422,響,暁型,2番艦,10000000,100000,20000,420,2,20120422,1933,
269616163,73,36,10120423,雷,暁型,3番艦,10000000,100000,20000,420,3,20120423,1932,
269616164,74,37,10120424,電,暁型,4番艦,10000000,100000,20000,420,4,20120424,1932,
269616385,75,38,10120501,初春,初春型,1番艦,10000000,100000,20000,500,1,20120501,1933,
269616386,76,39,10120502,子日,初春型,2番艦,10000000,100000,20000,500,2,20120502,1933,
269616387,77,40,10120503,若葉,初春型,3番艦,10000000,100000,20000,500,3,20120503,1934,
269616388,78,41,10120504,初霜,初春型,4番艦,10000000,100000,20000,500,4,20120504,1934,
269616389,432,632,10120505,有明,初春型,5番艦,10000000,100000,20000,500,5,20121505,1935,
269616390,433,633,10120506,夕暮,初春型,6番艦,10000000,100000,20000,500,6,20121506,1935,
269616641,79,42,10120601,白露,白露型,1番艦,10000000,100000,20000,600,1,20120601,1936,
269616642,80,43,10120602,時雨,白露型,2番艦,10000000,100000,20000,600,2,20120602,1936,
269616643,81,44,10120603,村雨,白露型,3番艦,10000000,100000,20000,600,3,20120603,1937,
269616644,82,45,10120604,夕立,白露型,4番艦,10000000,100000,20000,600,4,20120604,1937,
269616645,205,405,10120605,春雨,白露型,5番艦,10000000,100000,20000,600,5,20120605,1937,
269616646,83,46,10120606,五月雨,白露型,6番艦,10000000,100000,20000,600,6,20120606,1937,
269616647,258,458,10120607,海風,白露型,7番艦,10000000,100000,20000,600,7,20120607,1937,
269616648,257,457,10120608,山風,白露型,8番艦,10000000,100000,20000,600,8,20120608,1937,
269616649,259,459,10120609,江風,白露型,9番艦,10000000,100000,20000,600,9,20120609,1937,
269616650,84,47,1012060A,涼風,白露型,10番艦,10000000,100000,20000,600,A,2012060A,1937,
269616897,85,95,10120701,朝潮,朝潮型,1番艦,10000000,100000,20000,700,1,20120701,1937,
269616898,86,96,10120702,大潮,朝潮型,2番艦,10000000,100000,20000,700,2,20120702,1937,
269616899,87,97,10120703,満潮,朝潮型,3番艦,10000000,100000,20000,700,3,20120703,1937,
269616900,88,98,10120704,荒潮,朝潮型,4番艦,10000000,100000,20000,700,4,20120704,1937,
269616901,213,413,10120705,朝雲,朝潮型,5番艦,10000000,100000,20000,700,5,20120705,1938,
269616902,214,414,10120706,山雲,朝潮型,6番艦,10000000,100000,20000,700,6,20120706,1938,
269616903,382,582,10120707,夏雲,朝潮型,7番艦,10000000,100000,20000,700,7,20120707,1938,
269616904,383,583,10120708,峯雲,朝潮型,8番艦,10000000,100000,20000,700,8,20120708,1938,
269616905,89,48,10120709,霰,朝潮型,9番艦,10000000,100000,20000,700,9,20120709,1939,
269616906,90,49,1012070A,霞,朝潮型,10番艦,10000000,100000,20000,700,A,2012070A,1939,
269617153,91,17,10120801,陽炎,陽炎型,1番艦,10000000,100000,20000,800,1,20120801,1939,
269617154,92,18,10120802,不知火,陽炎型,2番艦,10000000,100000,20000,800,2,20120802,1939,
269617155,93,19,10120803,黒潮,陽炎型,3番艦,10000000,100000,20000,800,3,20120803,1940,
269617156,256,456,10120804,親潮,陽炎型,4番艦,10000000,100000,20000,800,4,20120804,1940,
269617157,486,886,10120805,早潮,陽炎型,5番艦,10000000,100000,20000,800,5,20121805,1940,
269617159,118,190,10120807,初風,陽炎型,7番艦,10000000,100000,20000,800,7,20120807,1940,
269617160,5,20,10120808,雪風,陽炎型,8番艦,10000000,100000,20000,800,8,20120808,1940,
269617161,181,181,10120809,天津風,陽炎型,9番艦,10000000,100000,20000,800,9,20120809,1940,
269617162,186,186,1012080A,時津風,陽炎型,10番艦,10000000,100000,20000,800,A,2012080A,1940,
269617163,168,168,1012080B,浦風,陽炎型,11番艦,10000000,100000,20000,800,B,2012080B,1940,
269617164,167,167,1012080C,磯風,陽炎型,12番艦,10000000,100000,20000,800,C,2012080C,1940,
269617165,170,170,1012080D,浜風,陽炎型,13番艦,10000000,100000,20000,800,D,2012080D,1941,
269617166,169,169,1012080E,谷風,陽炎型,14番艦,10000000,100000,20000,800,E,2012080E,1941,
269617167,215,415,1012080F,野分,陽炎型,15番艦,10000000,100000,20000,800,F,2012080F,1941,
269617168,254,454,10120810,嵐,陽炎型,16番艦,10000000,100000,20000,800,10,20120810,1941,
269617169,255,455,10120811,萩風,陽炎型,17番艦,10000000,100000,20000,800,11,20120811,1941,
269617170,119,122,10120812,舞風,陽炎型,18番艦,10000000,100000,20000,800,12,20120812,1941,
269617171,132,132,10120813,秋雲,陽炎型,19番艦,10000000,100000,20000,800,13,20120813,1941,
269617409,133,133,10120901,夕雲,夕雲型,1番艦,10000000,100000,20000,900,1,20120901,1941,
269617410,134,134,10120902,巻雲,夕雲型,2番艦,10000000,100000,20000,900,2,20120902,1942,
269617411,253,453,10120903,風雲,夕雲型,3番艦,10000000,100000,20000,900,3,20120903,1942,
269617412,135,135,10120904,長波,夕雲型,4番艦,10000000,100000,20000,900,4,20120904,1942,
269617413,471,671,10120905,巻波,夕雲型,5番艦,10000000,100000,20000,900,5,20120905,1942,
269617414,224,424,10120906,高波,夕雲型,6番艦,10000000,100000,20000,900,6,20120906,1942,
269617417,474,674,10120909,玉波,夕雲型,9番艦,10000000,100000,20000,900,9,20121909,1943,
269617418,475,675,1012090A,涼波,夕雲型,10番艦,10000000,100000,20000,900,A,2012090A,1943,
269617419,285,485,1012090B,藤波,夕雲型,11番艦,10000000,100000,20000,900,B,2012090B,1943,
269617420,328,528,1012090C,早波,夕雲型,12番艦,10000000,100000,20000,900,C,2012090C,1943,
269617421,284,484,1012090D,浜波,夕雲型,13番艦,10000000,100000,20000,900,D,2012090D,1943,
269617422,252,452,1012090E,沖波,夕雲型,14番艦,10000000,100000,20000,900,E,2012090E,1943,
269617423,327,527,1012090F,岸波,夕雲型,15番艦,10000000,100000,20000,900,F,2012090F,1943,
269617424,225,425,10120910,朝霜,夕雲型,16番艦,10000000,100000,20000,900,10,20120910,1943,
269617425,209,409,10120911,早霜,夕雲型,17番艦,10000000,100000,20000,900,11,20120911,1944,
269617426,425,625,10120912,秋霜,夕雲型,18番艦,10000000,100000,20000,900,12,20120912,1944,
269617427,210,410,10120913,清霜,夕雲型,19番艦,10000000,100000,20000,900,13,20120913,1944,
269617665,10,50,10120A01,島風,島風型,1番艦,10000000,100000,20000,A00,1,20120A01,1943,
269617921,221,421,10120B01,秋月,秋月型,1番艦,10000000,100000,20000,B00,1,20124B01,1942,
269617922,222,422,10120B02,照月,秋月型,2番艦,10000000,100000,20000,B00,2,20124B02,1942,
269617923,332,532,10120B03,涼月,秋月型,3番艦,10000000,100000,20000,B00,3,20124B03,1942,
269617924,223,423,10120B04,初月,秋月型,4番艦,10000000,100000,20000,B00,4,20124B04,1942,
269617928,333,533,10120B08,冬月,秋月型,8番艦,10000000,100000,20000,B00,8,20124B08,1944,
269618177,441,641,10120C01,松,松型,1番艦,10000000,100000,20000,C00,1,20120C01,1944,
269618178,442,642,10120C02,竹,松型,2番艦,10000000,100000,20000,C00,2,20120C02,1944,
269618179,443,643,10120C03,梅,松型,3番艦,10000000,100000,20000,C00,3,20120C04,1944,
269618180,444,644,10120C04,桃,松型,4番艦,10000000,100000,20000,C00,4,20121C03,1944,
269618183,592,992,10120C07,杉,松型,7番艦,10000000,100000,20000,C00,7,20120C07,1944,
269618187,594,994,10120C0B,榧,松型,11番艦,10000000,100000,20000,C00,B,20120C0B,1944,
269680897,28,51,10130101,天龍,天龍型,1番艦,10000000,100000,30000,100,1,20130101,1919,
269680898,29,52,10130102,龍田,天龍型,2番艦,10000000,100000,30000,100,2,20130102,1919,
269681153,39,99,10130201,球磨,球磨型,1番艦,10000000,100000,30000,200,1,20130201,1934,
269681154,40,100,10130202,多摩,球磨型,2番艦,10000000,100000,30000,200,2,20130202,1934,
269681155,20,25,10130203,北上,球磨型,3番艦,10000000,100000,30000,200,3,20132203,1940,
269681156,19,24,10130204,大井,球磨型,4番艦,10000000,100000,30000,200,4,20132204,1940,
269681157,41,101,10130205,木曾,球磨型,5番艦,10000000,100000,30000,200,5,20130205,1920,
269681409,42,21,10130301,長良,長良型,1番艦,10000000,100000,30000,300,1,20130301,1921,
269681410,43,22,10130302,五十鈴,長良型,2番艦,10000000,100000,30000,300,2,20130302,1921,
269681411,44,53,10130303,名取,長良型,3番艦,10000000,100000,30000,300,3,20130303,1921,
269681412,45,23,10130304,由良,長良型,4番艦,10000000,100000,30000,300,4,20130304,1921,
269681413,109,113,10130305,鬼怒,長良型,5番艦,10000000,100000,30000,300,5,20130305,1935,
269681414,110,114,10130306,阿武隈,長良型,6番艦,10000000,100000,30000,300,6,20130306,1935,
269681665,46,54,10130401,川内,川内型,1番艦,10000000,100000,30000,400,1,20130401,1935,
269681666,47,55,10130402,神通,川内型,2番艦,10000000,100000,30000,400,2,20130402,1922,
269681667,48,56,10130403,那珂,川内型,3番艦,10000000,100000,30000,400,3,20130403,1922,
269681921,111,115,10130501,夕張,夕張型,1番艦,10000000,100000,30000,500,1,20130501,1922,
269682177,137,137,10130601,阿賀野,阿賀野型,1番艦,10000000,100000,30000,600,1,20134601,1923,
269682178,138,138,10130602,能代,阿賀野型,2番艦,10000000,100000,30000,600,2,20134602,1922,
269682179,139,139,10130603,矢矧,阿賀野型,3番艦,10000000,100000,30000,600,3,20134603,1925,
269682180,140,140,10130604,酒匂,阿賀野型,4番艦,10000000,100000,30000,600,4,20134604,1936,
269682433,183,183,10130701,大淀,大淀型,1番艦,10000000,100000,30000,700,1,20130701,1936,
269684994,553,953,10131102,朝日,改敷島型,2番艦,10000000,100000,31000,100,2,201B0202,1936,
269685249,154,154,10131201,香取,香取型,1番艦,10000000,100000,31000,200,1,20131201,1936,
269685250,265,465,10131202,鹿島,香取型,2番艦,10000000,100000,31000,200,2,20131202,1936,
269701377,184,184,10135101,大鯨,大鯨型,1番艦,10000000,100000,35000,100,1,10161301,1936,
269701633,434,634,10135201,迅鯨,迅鯨型,1番艦,10000000,100000,35000,200,1,20135201,1941,
269701634,435,635,10135202,長鯨,迅鯨型,2番艦,10000000,100000,35000,200,2,20135202,1924,
269701891,544,944,10135303,平安丸,改氷川丸級,3番艦,10000000,100000,35000,300,3,20135303,1925,
269746433,52,59,10140101,古鷹,古鷹型,1番艦,10000000,100000,40000,100,1,20140101,1926,
269746434,53,60,10140102,加古,古鷹型,2番艦,10000000,100000,40000,100,2,20140102,1926,
269746689,54,61,10140201,青葉,青葉型,1番艦,10000000,100000,40000,200,1,20140201,1927,
269746690,120,123,10140202,衣笠,青葉型,2番艦,10000000,100000,40000,200,2,20140202,1927,
269746945,55,62,10140301,妙高,妙高型,1番艦,10000000,100000,40000,300,1,20140301,1929,
269746946,56,63,10140302,那智,妙高型,2番艦,10000000,100000,40000,300,2,20140302,1928,
269746947,57,64,10140303,足柄,妙高型,3番艦,10000000,100000,40000,300,3,20140303,1929,
269746948,58,65,10140304,羽黒,妙高型,4番艦,10000000,100000,40000,300,4,20140304,1929,
269747201,59,66,10140401,高雄,高雄型,1番艦,10000000,100000,40000,400,1,20140401,1932,
269747202,60,67,10140402,愛宕,高雄型,2番艦,10000000,100000,40000,400,2,20140402,1932,
269747203,61,68,10140403,摩耶,高雄型,3番艦,10000000,100000,40000,400,3,20140403,1932,
269747204,62,69,10140404,鳥海,高雄型,4番艦,10000000,100000,40000,400,4,20140404,1932,
269747457,51,70,10140501,最上,最上型,1番艦,10000000,100000,40000,500,1,20144501,1935,
269747458,116,120,10140502,三隈,最上型,2番艦,10000000,100000,40000,500,2,20144502,1935,
269747459,124,124,10140503,鈴谷,最上型,3番艦,10000000,100000,40000,500,3,20144503,1937,
269747460,125,125,10140504,熊野,最上型,4番艦,10000000,100000,40000,500,4,20144504,1937,
269747713,63,71,10140601,利根,利根型,1番艦,10000000,100000,40000,600,1,20140601,1938,
269747714,64,72,10140602,筑摩,利根型,2番艦,10000000,100000,40000,600,2,20140602,1939,
269811969,26,26,10150101,扶桑,扶桑型,1番艦,10000000,100000,50000,100,1,20154101,1915,
269811970,27,27,10150102,山城,扶桑型,2番艦,10000000,100000,50000,100,2,20154102,1917,
269812225,3,77,10150201,伊勢,伊勢型,1番艦,10000000,100000,50000,200,1,20154201,1917,
269812226,4,87,10150202,日向,伊勢型,2番艦,10000000,100000,50000,200,2,20154202,1918,
269812481,1,80,10150301,長門,長門型,1番艦,10000000,100000,50000,300,1,20150301,1920,
269812482,2,81,10150302,陸奥,長門型,2番艦,10000000,100000,50000,300,2,20150302,1921,
269812737,131,131,10150401,大和,大和型,1番艦,10000000,100000,50000,400,1,20150401,1941,
269812738,143,143,10150402,武蔵,大和型,2番艦,10000000,100000,50000,400,2,20150402,1942,
269816065,21,78,10151101,金剛,金剛型,1番艦,10000000,100000,51000,100,1,20151101,1913,
269816066,22,86,10151102,比叡,金剛型,2番艦,10000000,100000,51000,100,2,20151102,1914,
269816067,23,79,10151103,榛名,金剛型,3番艦,10000000,100000,51000,100,3,20151103,1915,
269816068,24,85,10151104,霧島,金剛型,4番艦,10000000,100000,51000,100,4,20151104,1915,
269877505,6,83,10160101,赤城,赤城型,1番艦,10000000,100000,60000,100,1,20160101,1927,
269877521,7,84,10160111,加賀,加賀型,1番艦,10000000,100000,60000,110,1,20160111,1928,
269877761,8,90,10160201,蒼龍,蒼龍型,1番艦,10000000,100000,60000,200,1,20160201,1937,
269877777,9,91,10160211,飛龍,飛龍型,1番艦,10000000,100000,60000,210,1,20160211,1939,
269878017,106,110,10160301,翔鶴,翔鶴型,1番艦,10000000,100000,60000,300,1,20160301,1941,
269878018,107,111,10160302,瑞鶴,翔鶴型,2番艦,10000000,100000,60000,300,2,20160302,1941,
269878273,201,404,10160401,雲龍,雲龍型,1番艦,10000000,100000,60000,400,1,20160401,1944,
269878274,202,331,10160402,天城,雲龍型,2番艦,10000000,100000,60000,400,2,20160402,1944,
269878275,203,332,10160403,葛城,雲龍型,3番艦,10000000,100000,60000,400,3,20160403,1944,
269881601,25,89,10161101,鳳翔,鳳翔型,1番艦,10000000,100000,61000,100,1,20161101,1922,
269881857,30,76,10161201,龍驤,龍驤型,1番艦,10000000,100000,61000,200,1,20161201,1933,
269882113,185,185,10161301,龍鳳,龍鳳型,1番艦,10000000,100000,61000,300,1,20161301,1942,
269882369,94,74,10161401,祥鳳,祥鳳型,1番艦,10000000,100000,61000,400,1,20161401,1941,
269882370,112,116,10161402,瑞鳳,祥鳳型,2番艦,10000000,100000,61000,400,2,20161402,1940,
269882625,65,75,10161501,飛鷹,飛鷹型,1番艦,10000000,100000,61000,500,1,20161501,1942,
269882626,66,92,10161502,隼鷹,飛鷹型,2番艦,10000000,100000,61000,500,2,20161502,1942,
269882881,104,108,10161601,千歳航,千歳型,1番艦,10000000,100000,61000,600,1,20161601,1943,
269882882,105,109,10161602,千代田航,千歳型,2番艦,10000000,100000,61000,600,2,20161602,1943,
269891329,326,526,10163701,大鷹,大鷹型,1番艦,10000000,100000,63000,700,1,20163701,1941,
269891330,484,884,10163702,雲鷹,大鷹型,2番艦,10000000,100000,63000,700,2,20163702,1942,
269891332,324,534,10163704,神鷹,大鷹型,4番艦,10000000,100000,63000,700,4,20163704,1943,
269894913,153,153,10164501,大鳳,大鳳型,1番艦,10000000,100000,64000,500,1,20164501,1944,
269943041,126,126,10170101,伊168,海大VI型,1番艦,10000000,100000,70000,100,1,20170101,1934,
269943298,128,128,10170202,伊8,巡潜3型,2番艦,10000000,100000,70000,200,2,20174202,1938,
269943811,123,191,10170403,伊19,巡潜乙型,3番艦,10000000,100000,70000,400,3,20174403,1941,
269943815,283,483,10170407,伊26,巡潜乙型,7番艦,10000000,100000,70000,400,7,20174407,1941,
269943825,571,971,10170411,伊36,巡潜乙型,17番艦,10000000,100000,70000,400,11,20170411,1942,
269943874,572,972,10170442,伊41,巡潜乙型改一,2番艦,10000000,100000,70000,440,2,20170442,1943,
269943939,127,127,10170483,伊58,巡潜乙型改二,3番艦,10000000,100000,70000,480,3,20174483,1944,
269944071,436,636,10170507,伊47,巡潜丙型,7番艦,10000000,100000,70000,500,7,20170507,1944,
269944577,481,881,10170701,伊201,潜高型,1番艦,10000000,100000,70000,700,1,20170701,1945,
269944579,482,882,10170703,伊203,潜高型,3番艦,10000000,100000,70000,700,3,20170703,1945,
269944843,236,436,1017080B,呂500,呂号潜水艦,-,10000000,100000,70000,800,B,0,1943,
269945092,330,530,10170904,伊504,Guglielmo Marconi級,4番艦,10000000,100000,70000,900,4,0,1945,
269945098,540,940,1017090A,伊503,Marcello級,10番艦,10000000,100000,70000,900,A,0,1945,
269946624,163,163,10170F00,まるゆ,三式潜航輸送艇,-,10000000,100000,70000,F00,0,20170F00,1943,
269959937,294,494,10174301,伊13,巡潜甲型改二,1番艦,10000000,100000,74000,300,1,20174301,1944,
269959938,295,495,10174302,伊14,巡潜甲型改二,2番艦,10000000,100000,74000,300,2,20174302,1945,
269960705,293,493,10174601,伊400,潜特型(伊400型潜水艦),1番艦,10000000,100000,74000,600,1,20174601,1944,
269960706,155,155,10174602,伊401,潜特型(伊400型潜水艦),2番艦,10000000,100000,74000,600,2,20174602,1945,
270009601,245,445,10180501,秋津洲,秋津洲型,1番艦,10000000,100000,80000,500,1,20180501,1942,
270017025,49,102,10182201,千歳,千歳型,1番艦,10000000,100000,82000,200,1,20182201,1938,
270017026,50,103,10182202,千代田,千歳型,2番艦,10000000,100000,82000,200,2,20182202,1938,
270017281,251,451,10182301,瑞穂,瑞穂型,1番艦,10000000,100000,82000,300,1,20182301,1939,
270017537,381,581,10182401,日進,日進型,1番艦,10000000,100000,82000,400,1,20182401,1942,
270074113,260,460,10190101,速吸,改風早型,1番艦,10000000,100000,90000,100,1,20190101,1944,
270074369,162,162,10190201,神威,神威型,1番艦,10000000,100000,90000,200,1,20180101,1920,
270074625,603,1003,10190301,しまね丸,特1TL型,1番艦,10000000,100000,90000,300,1,20190301,1945,
270074882,500,900,10190402,山汐丸,特2TL型,2番艦,10000000,100000,90000,400,2,20190402,1945,
270075392,595,995,10190600,大泊,大泊型,-,10000000,100000,90000,600,0,20190600,1921,
270139648,161,161,101A0100,あきつ丸,特種船丙型,-,10000000,100000,A0000,100,0,201A0100,1942,
270139904,421,621,101A0200,神州丸,陸軍特種船(R1),-,10000000,100000,A0000,200,0,201A0200,1934,
270140161,545,945,101A0301,第百一号輸送艦,二等輸送艦,1番艦,10000000,100000,A0000,300,1,201A0301,1944,
270140416,543,943,101A0400,熊野丸,特種船M丙型,-,10000000,100000,A0000,400,0,201A0400,1945,
270205184,182,182,101B0100,明石,明石型,-,10000000,100000,B0000,100,0,201B0100,1939,
270665473,174,174,10220701,Z1,Z1型,1番艦,10000000,200000,20000,700,1,20220701,1935,
270665475,175,175,10220703,Z3,Z1型,3番艦,10000000,200000,20000,700,3,20220703,1935,
270796803,176,176,10240803,Prinz Eugen,Admiral Hipper級,3番艦,10000000,200000,40000,800,3,20240803,1940,
270870529,171,171,10252801,Bismarck,Bismarck級,1番艦,10000000,200000,52000,800,1,20252801,1940,
270927873,232,432,10260801,Graf Zeppelin,Graf Zeppelin級,1番艦,10000000,200000,60000,800,1,20260801,1938,
270992139,231,431,1027030B,U-511,UボートIXC型,-,10000000,200000,70000,300,B,2027030B,1941,
270993156,329,539,10270704,UIT-25,Guglielmo Marconi級,4番艦,10000000,200000,70000,700,4,10170904,1943,
270993162,539,939,1027070A,UIT-24,Marcello級,10番艦,10000000,200000,70000,700,A,1017090A,1943,
271713537,375,575,10320501,Maestrale,Maestrale級,1番艦,10000000,300000,20000,500,1,20320501,1934,
271713538,414,614,10320502,Grecale,Maestrale級,2番艦,10000000,300000,20000,500,2,20320502,1934,
271713539,243,443,10320503,Libeccio,Maestrale級,3番艦,10000000,300000,20000,500,3,20320503,1934,
271713540,453,653,10320504,Scirocco,Maestrale級,4番艦,10000000,300000,20000,500,4,20320504,1934,
271779585,389,589,10330701,L.d.S.D.d.Abruzzi,L.d.S.D.d.Abruzzi級,1番艦,10000000,300000,30000,700,1,20330701,1937,
271779586,390,590,10330702,G.Garibaldi,L.d.S.D.d.Abruzzi級,2番艦,10000000,300000,30000,700,2,20330702,1937,
271845121,248,448,10340701,Zara,Zara級,1番艦,10000000,300000,40000,700,1,20340701,1931,
271845123,249,449,10340703,Pola,Zara級,3番艦,10000000,300000,40000,700,3,20340703,1932,
271914241,477,877,10351501,Conte di Cavour,Conte di Cavour級,1番艦,10000000,300000,51000,500,1,20351501,1915,
271919106,241,441,10352802,Littorio,V.Veneto級,2番艦,10000000,300000,52000,800,2,20352802,1940,
271919108,242,442,10352804,Roma,V.Veneto級,4番艦,10000000,300000,52000,800,4,20352804,1942,
271976449,244,444,10360801,Aquila,Aquila級,1番艦,10000000,300000,60000,800,1,20360801,1944,
272041732,325,535,10370704,Luigi Torelli,Guglielmo Marconi級,4番艦,10000000,300000,70000,700,4,20370704,1940,
272041738,534,934,1037070A,C.Cappellini,Marcello級,10番艦,10000000,300000,70000,700,A,2037070A,1940,
272701514,361,561,1041184A,Samuel B.Roberts,John C.Butler級,DE-413,10000000,400000,11000,800,4A,2041184A,1944,
272762880,396,596,10420800,Fletcher,Fletcher級,DD-445,10000000,400000,20000,800,0,20420800,1942,
272762992,362,562,10420870,Johnston,Fletcher級,DD-557,10000000,400000,20000,800,70,20420870,1943,
272763098,541,941,104208DA,Heywood L.E.,Fletcher級,DD-663,10000000,400000,20000,800,DA,204208DA,1944,
272763099,542,942,104208DB,Richard P.Leary,Fletcher級,DD-664,10000000,400000,20000,800,DB,204208DB,1944,
272828161,497,896,10430701,Brooklyn,Brooklyn級,1番艦,10000000,400000,30000,700,1,20430701,1937,
272828165,552,952,10430705,Phoenix,Brooklyn級,5番艦,10000000,400000,30000,700,5,20430705,1938,
272828167,398,598,10430707,Honolulu,Brooklyn級,7番艦,10000000,400000,30000,700,7,20430707,1938,
272828290,415,615,10430782,Helena,St.Louis級,2番艦,10000000,400000,30000,780,2,20430782,1939,
272861185,397,597,10438801,Atlanta,Atlanta級,1番艦,10000000,400000,38000,800,1,20438801,1941,
272893441,455,655,10440601,Northampton,Northampton級,1番艦,10000000,400000,40000,600,1,20440601,1930,
272893445,395,595,10440605,Houston,Northampton級,5番艦,10000000,400000,40000,600,5,20440605,1930,
272893699,605,1005,10440703,Minneapolis,New Orleans級,3番艦,10000000,400000,40000,700,3,20440703,1934,
272893700,523,923,10440704,Tuscaloosa,New Orleans級,4番艦,10000000,400000,40000,700,4,20440704,1934,
272958977,524,924,10450601,Nevada,Nevada級,1番艦,10000000,400000,50000,600,1,20450601,1916,
272959233,401,601,10450701,Colorado,Colorado級,1番艦,10000000,400000,50000,700,1,20450701,1923,
272959234,513,913,10450702,Maryland,Colorado級,2番艦,10000000,400000,50000,700,2,20450702,1921,
272967682,454,654,10452802,Washington,North Carolina級,2番艦,10000000,400000,52000,800,2,20452802,1941,
272967809,402,602,10452881,South Dakota,South Dakota級,1番艦,10000000,400000,52000,880,1,20452881,1942,
272967811,533,933,10452883,Massachusetts,South Dakota級,3番艦,10000000,400000,52000,880,3,20452883,1942,
272967937,240,440,10452901,Iowa,Iowa級,1番艦,10000000,400000,52000,900,1,20452901,1942,
273025025,566,966,10460801,Lexington,Lexington級,1番艦,10000000,400000,60000,800,1,20460801,1927,
273025026,233,433,10460802,Saratoga,Lexington級,2番艦,10000000,400000,60000,800,2,20460802,1927,
273025153,531,931,10460881,Ranger,Ranger級,1番艦,10000000,400000,60000,880,1,20480881,1934,
273025283,403,603,10460903,Hornet,Yorktown級,3番艦,10000000,400000,60000,900,3,20460903,1941,
273025541,349,549,10460A05,Intrepid,Essex級,5番艦,10000000,400000,60000,A00,5,20460A05,1943,
273036563,344,544,10463513,Gambier Bay,Casablanca級,19番艦,10000000,400000,63000,500,13,20463513,1943,
273036806,525,925,10463606,Langley,Independence級,6番艦,10000000,400000,63000,600,6,20463606,1943,
273090560,491,891,10470800,Salmon,Salmon級,SS-182,10000000,400000,70000,800,0,20470800,1938,
273091088,492,892,10470A10,Drum,Gato級,SS-228,10000000,400000,70000,A00,10,20470A10,1941,
273091098,584,984,10470A1A,Wahoo,Gato級,SS-238,10000000,400000,70000,A00,1A,20470A1A,1942,
273091137,493,299,10470A41,Scamp,Gato級,SS-277,10000000,400000,70000,A00,41,20470A41,1942,
273811201,319,519,10520701,Jervis,J級,1番艦,10000000,500000,20000,700,1,20520701,1938,
273811205,320,520,10520705,Janus,J級,5番艦,10000000,500000,20000,700,5,20520705,1938,
273811206,501,901,10520706,Javelin,J級,6番艦,10000000,500000,20000,700,6,20520706,1939,
273876741,314,514,10530705,Sheffield,Town級,5番艦,10000000,500000,30000,700,5,20530705,1936,
274007554,239,439,10550602,Warspite,Queen Elizabeth級,2番艦,10000000,500000,50000,600,2,20550602,1915,
274007556,527,733,10550604,Valiant,Queen Elizabeth級,4番艦,10000000,500000,50000,600,4,20550604,1916,
274007809,371,571,10550701,Nelson,Nelson級,1番艦,10000000,500000,50000,700,1,20550701,1927,
274007810,372,572,10550702,Rodney,Nelson級,2番艦,10000000,500000,50000,700,2,20550702,1927,
274073089,315,515,10560601,Ark Royal,Ark Royal級,1番艦,10000000,500000,60000,600,1,20560601,1937,
274089986,485,885,10564802,Victorious,Illustrious級,2番艦,10000000,500000,64000,800,2,20564802,1939,
274860289,562,962,10620901,Mogador,Mogador級,1番艦,10000000,600000,20000,900,1,20624901,1939,
274925061,565,965,10630605,Gloire,La Galissonnière級,5番艦,10000000,600000,30000,600,5,20630605,1937,
275065089,292,492,10652901,Richelieu,Richelieu級,1番艦,10000000,600000,52000,900,1,20652901,1940,
275065090,535,935,10652902,Jean Bart,Richelieu級,2番艦,10000000,600000,52000,900,2,20652902,1940,
275252481,291,491,10680501,Commandant Teste,C.Teste級,1番艦,10000000,600000,80000,500,1,20680501,1929,
275941633,313,516,10728901,Ташкент,Ташкент級,1番艦,10000000,700000,28000,900,1,20728901,1939,
275973377,601,1001,10730501,Киров,Киров級,1番艦,10000000,700000,30000,500,1,20730501,1938,
276108289,311,511,10751401,Гангут,Гангут級,1番艦,10000000,700000,51000,400,1,20751401,1911,
278070273,399,604,10930401,De Ruyter,De Ruyter級,1番艦,10000000,900000,30000,400,1,20930401,1936,
279136257,374,574,10A34801,Gotland,Gotland級,1番艦,10000000,A00000,34000,800,1,20A30801,1934,
280167937,413,613,10B30601,Perth,Perth級,1番艦,10000000,B00000,30000,600,1,20B30601,1939,
537985281,45373,376,20110101,占守改,占守型,1番艦,20000000,100000,10000,100,1,0,1944,
537985282,45374,377,20110102,国後改,占守型,2番艦,20000000,100000,10000,100,2,0,1944,
537985283,45440,378,20110103,八丈改,占守型,3番艦,20000000,100000,10000,100,3,0,1944,
537985284,45441,379,20110104,石垣改,占守型,4番艦,20000000,100000,10000,100,4,0,1944,
537985537,45390,383,20110201,択捉改,択捉型,1番艦,20000000,100000,10000,200,1,0,1947,
537985538,45391,384,20110202,松輪改,択捉型,2番艦,20000000,100000,10000,200,2,0,1947,
537985539,45395,385,20110203,佐渡改,択捉型,3番艦,20000000,100000,10000,200,3,0,1947,
537985543,45396,386,20110207,対馬改,択捉型,7番艦,20000000,100000,10000,200,7,0,1947,
537985545,45426,684,20110209,平戸改,択捉型,9番艦,20000000,100000,10000,200,9,0,1947,
537985546,45421,685,2011020A,福江改,択捉型,10番艦,20000000,100000,10000,200,A,0,1947,
537985793,45407,678,20110301,日振改,日振型,1番艦,20000000,100000,10000,300,1,0,1947,
537985794,45408,679,20110302,大東改,日振型,2番艦,20000000,100000,10000,300,2,0,1947,
537985795,45551,714,20110303,昭南改,日振型,3番艦,20000000,100000,10000,300,3,0,1947,
537986049,416,616,20110401,御蔵改,御蔵型,1番艦,20000000,100000,10000,400,1,0,1947,
537986052,509,909,20110404,能美改,御蔵型,4番艦,20000000,100000,10000,400,4,0,1947,
537986053,510,910,20110405,倉橋改,御蔵型,5番艦,20000000,100000,10000,400,5,0,1947,
537986054,417,617,20110406,屋代改,御蔵型,6番艦,20000000,100000,10000,400,6,0,1947,
537986305,526,926,20110501,鵜来改,鵜来型,1番艦,20000000,100000,10000,500,1,0,1947,
537986316,45578,730,2011050C,稲木改,鵜来型,12番艦,20000000,100000,10000,500,C,3011050C,1947,
537986562,45493,701,20110602,第四号海防艦改,丁型海防艦,2番艦,20000000,100000,10000,600,2,0,1947,
537986571,45554,728,2011060B,第二十二号海防艦改,丁型海防艦,11番艦,10000000,100000,10000,600,B,0,1947,
537986575,45494,712,2011060F,第三〇号海防艦改,丁型海防艦,15番艦,20000000,100000,10000,600,F,0,1947,
538050817,276,476,20120101,神風改,神風型,1番艦,20000000,100000,20000,100,1,0,1933,
538050818,45328,370,20120102,朝風改,神風型,2番艦,20000000,100000,20000,100,2,0,1933,
538050819,45329,363,20120103,春風改,神風型,3番艦,20000000,100000,20000,100,3,0,1933,
538050820,45330,371,20120104,松風改,神風型,4番艦,20000000,100000,20000,100,4,0,1933,
538050821,45331,387,20120105,旗風改,神風型,5番艦,20000000,100000,20000,100,5,0,1933,
538051329,45087,254,20120301,睦月改,睦月型,1番艦,20000000,100000,20000,300,1,30121301,1936,
538051330,45088,255,20120302,如月改,睦月型,2番艦,20000000,100000,20000,300,2,30121302,1936,
538051331,45220,308,20120303,弥生改,睦月型,3番艦,20000000,100000,20000,300,3,0,1936,
538051332,45221,309,20120304,卯月改,睦月型,4番艦,20000000,100000,20000,300,4,0,1936,
538051333,45089,256,20120305,皐月改,睦月型,5番艦,20000000,100000,20000,300,5,30123305,1936,
538051334,45337,366,20120306,水無月改,睦月型,6番艦,20000000,100000,20000,300,6,0,1936,
538051335,45090,257,20120307,文月改,睦月型,7番艦,20000000,100000,20000,300,7,30123307,1936,
538051336,45091,258,20120308,長月改,睦月型,8番艦,20000000,100000,20000,300,8,0,1936,
538051337,45092,259,20120309,菊月改,睦月型,9番艦,20000000,100000,20000,300,9,0,1936,
538051339,45094,261,2012030B,望月改,睦月型,11番艦,20000000,100000,20000,300,B,0,1936,
538051585,45067,201,20120401,吹雪改,吹雪型,1番艦,20000000,100000,20000,400,1,30120401,1937,
538051586,45068,202,20120402,白雪改,吹雪型,2番艦,20000000,100000,20000,400,2,30121402,1937,
538051587,45069,203,20120403,初雪改,吹雪型,3番艦,20000000,100000,20000,400,3,30125403,1937,
538051588,45070,204,20120404,深雪改,吹雪型,4番艦,20000000,100000,20000,400,4,30121404,1937,
538051589,45071,205,20120405,叢雲改,吹雪型,5番艦,20000000,100000,20000,400,5,30120405,1937,
538051591,45487,700,20120407,薄雲改,吹雪型,7番艦,20000000,100000,20000,400,7,0,1937,
538051592,45620,729,20120408,白雲改,吹雪型,8番艦,20000000,100000,20000,400,8,0,1937,
538051593,45072,206,20120409,磯波改,吹雪型,9番艦,20000000,100000,20000,400,9,30123409,1937,
538051594,45342,368,2012040A,浦波改,吹雪型,10番艦,20000000,100000,20000,400,A,3012340A,1937,
538051601,45073,207,20120411,綾波改,綾波型,1番艦,20000000,100000,20000,410,1,30120411,1937,
538051602,45074,208,20120412,敷波改,綾波型,2番艦,20000000,100000,20000,410,2,30120412,1937,
538051605,45335,390,20120415,天霧改,綾波型,5番艦,20000000,100000,20000,410,5,30120415,1937,
538051606,45336,391,20120416,狭霧改,綾波型,6番艦,20000000,100000,20000,410,6,0,1937,
538051607,45123,230,20120417,朧改,綾波型,7番艦,20000000,100000,20000,410,7,0,1937,
538051608,45124,231,20120418,曙改,綾波型,8番艦,20000000,100000,20000,410,8,30120418,1937,
538051609,45125,232,20120419,漣改,綾波型,9番艦,20000000,100000,20000,410,9,0,1937,
538051610,45126,233,2012041A,潮改,綾波型,10番艦,20000000,100000,20000,410,A,3012041A,1937,
538051617,45127,234,20120421,暁改,暁型,1番艦,20000000,100000,20000,420,1,30120421,1937,
538051618,45128,235,20120422,響改,暁型,2番艦,20000000,100000,20000,420,2,30720422,1937,
538051619,45129,236,20120423,雷改,暁型,3番艦,20000000,100000,20000,420,3,0,1937,
538051620,45130,237,20120424,電改,暁型,4番艦,20000000,100000,20000,420,4,0,1937,
538051841,45131,238,20120501,初春改,初春型,1番艦,20000000,100000,20000,500,1,30120501,1938,
538051842,45132,239,20120502,子日改,初春型,2番艦,20000000,100000,20000,500,2,0,1938,
538051843,45133,240,20120503,若葉改,初春型,3番艦,20000000,100000,20000,500,3,0,1938,
538051844,45134,241,20120504,初霜改,初春型,4番艦,20000000,100000,20000,500,4,30121504,1938,
538052097,45135,242,20120601,白露改,白露型,1番艦,20000000,100000,20000,600,1,30122601,1939,
538052098,45136,243,20120602,時雨改,白露型,2番艦,20000000,100000,20000,600,2,30120602,1939,
538052099,45137,244,20120603,村雨改,白露型,3番艦,20000000,100000,20000,600,3,30121603,1939,
538052100,45138,245,20120604,夕立改,白露型,4番艦,20000000,100000,20000,600,4,30120604,1939,
538052101,45261,323,20120605,春雨改,白露型,5番艦,20000000,100000,20000,600,5,30121605,1939,
538052102,45139,246,20120606,五月雨改,白露型,6番艦,20000000,100000,20000,600,6,0,1939,
538052103,45314,350,20120607,海風改,白露型,7番艦,20000000,100000,20000,600,7,30123601,1939,
538052104,45313,369,20120608,山風改,白露型,8番艦,20000000,100000,20000,600,8,30122602,1939,
538052105,45315,351,20120609,江風改,白露型,9番艦,20000000,100000,20000,600,9,30121609,1939,
538052106,45140,247,2012060A,涼風改,白露型,10番艦,20000000,100000,20000,600,A,0,1939,
538052353,45141,248,20120701,朝潮改,朝潮型,1番艦,20000000,100000,20000,700,1,30120701,1940,
538052354,45142,249,20120702,大潮改,朝潮型,2番艦,20000000,100000,20000,700,2,30123702,1940,
538052355,45143,250,20120703,満潮改,朝潮型,3番艦,20000000,100000,20000,700,3,30123703,1940,
538052356,45144,251,20120704,荒潮改,朝潮型,4番艦,20000000,100000,20000,700,4,30123704,1940,
538052357,45269,327,20120705,朝雲改,朝潮型,5番艦,20000000,100000,20000,700,5,0,1940,
538052358,45270,328,20120706,山雲改,朝潮型,6番艦,20000000,100000,20000,700,6,0,1940,
538052359,45438,721,20120707,夏雲改,朝潮型,7番艦,20000000,100000,20000,700,7,0,1940,
538052360,45439,687,20120708,峯雲改,朝潮型,8番艦,20000000,100000,20000,700,8,0,1940,
538052361,45145,252,20120709,霰改,朝潮型,9番艦,20000000,100000,20000,700,9,30123709,1940,
538052362,45146,253,2012070A,霞改,朝潮型,10番艦,20000000,100000,20000,700,A,3012370A,1940,
538052609,45147,225,20120801,陽炎改,陽炎型,1番艦,20000000,100000,20000,800,1,30124801,1942,
538052610,45148,226,20120802,不知火改,陽炎型,2番艦,20000000,100000,20000,800,2,30124802,1942,
538052611,45149,227,20120803,黒潮改,陽炎型,3番艦,20000000,100000,20000,800,3,30126803,1942,
538052612,45312,362,20120804,親潮改,陽炎型,4番艦,20000000,100000,20000,800,4,30126804,1942,
538052615,45174,300,20120807,初風改,陽炎型,7番艦,20000000,100000,20000,800,7,0,1942,
538052616,45061,228,20120808,雪風改,陽炎型,8番艦,20000000,100000,20000,800,8,21828A00,1942,
538052617,45237,316,20120809,天津風改,陽炎型,9番艦,20000000,100000,20000,800,9,30125809,1942,
538052618,45242,322,2012080A,時津風改,陽炎型,10番艦,20000000,100000,20000,800,A,0,1942,
538052619,45224,317,2012080B,浦風改,陽炎型,11番艦,20000000,100000,20000,800,B,2D12680B,1943,
538052620,45223,320,2012080C,磯風改,陽炎型,12番艦,20000000,100000,20000,800,C,2B12080C,1943,
538052621,45226,558,2012080D,浜風改,陽炎型,13番艦,20000000,100000,20000,800,D,2B12080D,1943,
538052622,45225,313,2012080E,谷風改,陽炎型,14番艦,20000000,100000,20000,800,E,2D12580E,1943,
538052623,45271,329,2012080F,野分改,陽炎型,15番艦,20000000,100000,20000,800,F,0,1943,
538052624,45310,354,20120810,嵐改,陽炎型,16番艦,20000000,100000,20000,800,10,0,1943,
538052625,45311,355,20120811,萩風改,陽炎型,17番艦,20000000,100000,20000,800,11,0,1943,
538052626,45175,294,20120812,舞風改,陽炎型,18番艦,20000000,100000,20000,800,12,0,1943,
538052627,45188,301,20120813,秋雲改,陽炎型,19番艦,20000000,100000,20000,800,13,30120813,1943,
538052865,45189,302,20120901,夕雲改,夕雲型,1番艦,20000000,100000,20000,900,1,30124901,1945,
538052866,45190,303,20120902,巻雲改,夕雲型,2番艦,20000000,100000,20000,900,2,30125902,1945,
538052867,45309,349,20120903,風雲改,夕雲型,3番艦,20000000,100000,20000,900,3,30126903,1945,
538052868,45191,304,20120904,長波改,夕雲型,4番艦,20000000,100000,20000,900,4,30124904,1945,
538052869,45527,709,20120905,巻波改,夕雲型,5番艦,20000000,100000,20000,900,5,0,1945,
538052870,45280,345,20120906,高波改,夕雲型,6番艦,20000000,100000,20000,900,6,0,1945,
538052874,45531,710,2012090A,涼波改,夕雲型,10番艦,20000000,100000,20000,900,A,0,1945,
538052875,45341,373,2012090B,藤波改,夕雲型,11番艦,20000000,100000,20000,900,B,3012690B,1945,
538052876,45384,688,2012090C,早波改,夕雲型,12番艦,20000000,100000,20000,900,C,0,1945,
538052877,45340,680,2012090D,浜波改,夕雲型,13番艦,20000000,100000,20000,900,D,3012690D,1945,
538052878,45308,359,2012090E,沖波改,夕雲型,14番艦,20000000,100000,20000,900,E,3012690E,1945,
538052879,45383,686,2012090F,岸波改,夕雲型,15番艦,20000000,100000,20000,900,F,0,1945,
538052880,45281,344,20120910,朝霜改,夕雲型,16番艦,20000000,100000,20000,900,10,30126910,1945,
538052881,45265,324,20120911,早霜改,夕雲型,17番艦,20000000,100000,20000,900,11,30125911,1945,
538052882,45481,695,20120912,秋霜改,夕雲型,18番艦,20000000,100000,20000,900,12,0,1945,
538052883,45266,325,20120913,清霜改,夕雲型,19番艦,20000000,100000,20000,900,13,30124913,1945,
538053121,45066,229,20120A01,島風改,島風型,1番艦,20000000,100000,20000,A00,1,0,1945,
538053633,45497,702,20120C01,松改,松型,1番艦,20000000,100000,20000,C00,1,0,1946,
538053634,45498,706,20120C02,竹改,松型,2番艦,20000000,100000,20000,C00,2,0,1946,
538053636,45500,708,20120C04,桃改,松型,4番艦,20000000,100000,20000,C00,4,0,1946,
538053639,597,997,20120C07,杉改,松型,7番艦,20000000,100000,20000,C00,7,0,1946,
538053643,45650,736,20120C0B,榧改,松型,11番艦,20000000,100000,20000,C00,B,0,1946,
538055434,45093,260,2012130A,三日月改,睦月型,10番艦,20000000,100000,21000,300,A,0,1936,
538055941,45488,703,20121505,有明改,初春型,5番艦,20000000,100000,21000,500,5,0,1938,
538055942,45489,725,20121506,夕暮改,初春型,6番艦,20000000,100000,21000,500,6,0,1938,
538056709,45542,720,20121805,早潮改,陽炎型,5番艦,10000000,100000,21000,800,5,20120807,1943,
538056969,45530,718,20121909,玉波改,夕雲型,9番艦,20000000,100000,21000,900,9,0,1945,
538057731,45499,716,20121C03,梅改,松型,3番艦,20000000,100000,21000,C00,3,0,1946,
538069761,45277,330,20124B01,秋月改,秋月型,1番艦,20000000,100000,24000,B00,1,0,1945,
538069762,45278,346,20124B02,照月改,秋月型,2番艦,20000000,100000,24000,B00,2,0,1945,
538069763,337,537,20124B03,涼月改,秋月型,3番艦,20000000,100000,24000,B00,3,0,1945,
538069764,45279,357,20124B04,初月改,秋月型,4番艦,20000000,100000,24000,B00,4,30124B04,1945,
538069768,338,538,20124B08,冬月改,秋月型,8番艦,20000000,100000,24000,B00,8,0,1945,
538116353,45084,213,20130101,天龍改,天龍型,1番艦,20000000,100000,30000,100,1,30130101,1925,
538116354,45085,214,20130102,龍田改,天龍型,2番艦,20000000,100000,30000,100,2,30130102,1937,
538116609,45095,215,20130201,球磨改,球磨型,1番艦,20000000,100000,30000,200,1,30134201,1937,
538116610,45096,216,20130202,多摩改,球磨型,2番艦,20000000,100000,30000,200,2,30134202,1937,
538116613,45097,217,20130205,木曾改,球磨型,5番艦,20000000,100000,30000,200,5,30132205,1942,
538116865,45098,218,20130301,長良改,長良型,1番艦,20000000,100000,30000,300,1,0,1942,
538116866,45099,219,20130302,五十鈴改,長良型,2番艦,20000000,100000,30000,300,2,30138302,1942,
538116867,45100,221,20130303,名取改,長良型,3番艦,20000000,100000,30000,300,3,0,1923,
538116868,45101,220,20130304,由良改,長良型,4番艦,20000000,100000,30000,300,4,30136304,1935,
538116869,45165,289,20130305,鬼怒改,長良型,5番艦,20000000,100000,30000,300,5,30130305,1944,
538116870,45166,290,20130306,阿武隈改,長良型,6番艦,20000000,100000,30000,300,6,30132306,1944,
538117121,45102,222,20130401,川内改,川内型,1番艦,20000000,100000,30000,400,1,30130401,1942,
538117122,45103,223,20130402,神通改,川内型,2番艦,20000000,100000,30000,400,2,30130402,1943,
538117123,45104,224,20130403,那珂改,川内型,3番艦,20000000,100000,30000,400,3,30130403,1943,
538117377,45167,293,20130501,夕張改,夕張型,1番艦,20000000,100000,30000,500,1,30130501,1944,
538117889,45239,321,20130701,大淀改,大淀型,1番艦,20000000,100000,30000,700,1,0,1943,
538120705,45210,343,20131201,香取改,香取型,1番艦,20000000,100000,31000,200,1,0,1945,
538120706,45321,356,20131202,鹿島改,香取型,2番艦,20000000,100000,31000,200,2,0,1900,
538124803,98,58,20132203,北上改,球磨型,3番艦,20000000,100000,32000,200,3,30132203,1940,
538124804,97,57,20132204,大井改,球磨型,4番艦,20000000,100000,32000,200,4,30132204,1940,
538134017,45193,305,20134601,阿賀野改,阿賀野型,1番艦,20000000,100000,34000,600,1,0,1944,
538134018,45194,306,20134602,能代改,阿賀野型,2番艦,20000000,100000,34000,600,2,30134602,1944,
538134019,45195,307,20134603,矢矧改,阿賀野型,3番艦,20000000,100000,34000,600,3,30134603,1938,
538134020,45196,314,20134604,酒匂改,阿賀野型,4番艦,20000000,100000,34000,600,4,0,1938,
538137089,439,639,20135201,迅鯨改,迅鯨型,1番艦,20000000,100000,35000,200,1,0,1943,
538137090,440,640,20135202,長鯨改,迅鯨型,2番艦,20000000,100000,35000,200,2,0,1943,
538137347,549,949,20135303,平安丸改,改氷川丸級,3番艦,20000000,100000,35000,300,3,0,1943,
538181889,45108,262,20140101,古鷹改,古鷹型,1番艦,20000000,100000,40000,100,1,30140101,1936,
538181890,45109,263,20140102,加古改,古鷹型,2番艦,20000000,100000,40000,100,2,30140102,1936,
538182145,45110,264,20140201,青葉改,青葉型,1番艦,20000000,100000,40000,200,1,0,1937,
538182146,45176,295,20140202,衣笠改,青葉型,2番艦,20000000,100000,40000,200,2,30140202,1937,
538182401,45111,265,20140301,妙高改,妙高型,1番艦,20000000,100000,40000,300,1,30140301,1939,
538182402,45112,266,20140302,那智改,妙高型,2番艦,20000000,100000,40000,300,2,30140302,1939,
538182403,45113,267,20140303,足柄改,妙高型,3番艦,20000000,100000,40000,300,3,30140303,1939,
538182404,45114,268,20140304,羽黒改,妙高型,4番艦,20000000,100000,40000,300,4,30140304,1939,
538182657,45115,269,20140401,高雄改,高雄型,1番艦,20000000,100000,40000,400,1,0,1940,
538182658,45116,270,20140402,愛宕改,高雄型,2番艦,20000000,100000,40000,400,2,0,1940,
538182659,45117,271,20140403,摩耶改,高雄型,3番艦,20000000,100000,40000,400,3,30140403,1940,
538182660,45118,272,20140404,鳥海改,高雄型,4番艦,20000000,100000,40000,400,4,30140404,1940,
538183169,45119,273,20140601,利根改,利根型,1番艦,20000000,100000,40000,600,1,30144601,1940,
538183170,45120,274,20140602,筑摩改,利根型,2番艦,20000000,100000,40000,600,2,30144602,1940,
538199297,101,73,20144501,最上改,最上型,1番艦,20000000,100000,44000,500,1,30144501,1941,
538199298,117,121,20144502,三隈改,最上型,2番艦,20000000,100000,44000,500,2,30144502,1941,
538199299,129,129,20144503,鈴谷改,最上型,3番艦,20000000,100000,44000,500,3,30144503,1941,
538199300,130,130,20144504,熊野改,最上型,4番艦,20000000,100000,44000,500,4,30144504,1941,
538247937,45057,275,20150301,長門改,長門型,1番艦,20000000,100000,50000,300,1,30150301,1938,
538247938,45058,276,20150302,陸奥改,長門型,2番艦,20000000,100000,50000,300,2,30150302,1938,
538248193,136,136,20150401,大和改,大和型,1番艦,20000000,100000,50000,400,1,30152401,1943,
538248194,148,148,20150402,武蔵改,大和型,2番艦,20000000,100000,50000,400,2,30150402,1943,
538251521,45077,209,20151101,金剛改,金剛型,1番艦,20000000,100000,51000,100,1,30151101,1926,
538251522,45078,210,20151102,比叡改,金剛型,2番艦,20000000,100000,51000,100,2,30151102,1926,
538251523,45079,211,20151103,榛名改,金剛型,3番艦,20000000,100000,51000,100,3,30151103,1926,
538251524,45080,212,20151104,霧島改,金剛型,4番艦,20000000,100000,51000,100,4,30151104,1926,
538263809,45082,286,20154101,扶桑改,扶桑型,1番艦,20000000,100000,54000,100,1,30154101,1930,
538263810,45083,287,20154102,山城改,扶桑型,2番艦,20000000,100000,54000,100,2,30154102,1930,
538264065,102,82,20154201,伊勢改,伊勢型,1番艦,20000000,100000,54000,200,1,30154201,1930,
538264066,103,88,20154202,日向改,伊勢型,2番艦,20000000,100000,54000,200,2,30154202,1930,
538312961,45062,277,20160101,赤城改,赤城型,1番艦,20000000,100000,60000,100,1,30160101,1938,
538312977,45063,278,20160111,加賀改,加賀型,1番艦,20000000,100000,60000,110,1,30160111,1938,
538313217,45064,279,20160201,蒼龍改,蒼龍型,1番艦,20000000,100000,60000,200,1,30160201,1941,
538313233,45065,280,20160211,飛龍改,飛龍型,1番艦,20000000,100000,60000,210,1,30160211,1941,
538313473,45162,288,20160301,翔鶴改,翔鶴型,1番艦,20000000,100000,60000,300,1,30160301,1943,
538313474,108,112,20160302,瑞鶴改,翔鶴型,2番艦,20000000,100000,60000,300,2,30160302,1943,
538313729,206,406,20160401,雲龍改,雲龍型,1番艦,20000000,100000,60000,400,1,0,1945,
538313730,229,429,20160402,天城改,雲龍型,2番艦,20000000,100000,60000,400,2,0,1945,
538313731,230,430,20160403,葛城改,雲龍型,3番艦,20000000,100000,60000,400,3,0,1945,
538317057,45081,285,20161101,鳳翔改,鳳翔型,1番艦,20000000,100000,61000,100,1,30163101,1936,
538317313,45086,281,20161201,龍驤改,龍驤型,1番艦,20000000,100000,61000,200,1,30161201,1940,
538317569,190,318,20161301,龍鳳改,龍鳳型,1番艦,20000000,100000,61000,300,1,3E169301,1944,
538317825,45150,282,20161401,祥鳳改,祥鳳型,1番艦,20000000,100000,61000,400,1,0,1944,
538317826,113,117,20161402,瑞鳳改,祥鳳型,2番艦,20000000,100000,61000,400,2,30161402,1944,
538318081,45121,283,20161501,飛鷹改,飛鷹型,1番艦,20000000,100000,61000,500,1,0,1944,
538318082,45122,284,20161502,隼鷹改,飛鷹型,2番艦,20000000,100000,61000,500,2,30161502,1944,
538318337,45160,291,20161601,千歳航改,千歳型,1番艦,20000000,100000,61000,600,1,30161601,1944,
538318338,45161,292,20161602,千代田航改,千歳型,2番艦,20000000,100000,61000,600,2,30161602,1944,
538326785,45382,380,20163701,大鷹改,大鷹型,1番艦,20000000,100000,63000,700,1,30163701,1944,
538326786,45540,382,20163702,雲鷹改,大鷹型,2番艦,20000000,100000,63000,700,2,30163702,1944,
538326788,45380,381,20163704,神鷹改,大鷹型,4番艦,20000000,100000,63000,700,4,30163704,1944,
538330369,156,156,20164501,大鳳改,大鳳型,1番艦,20000000,100000,64000,500,1,0,1945,
538378497,45182,398,20170101,伊168改,海大VI型,1番艦,20000000,100000,70000,100,1,0,1940,
538379281,576,976,20170411,伊36改,巡潜乙型,17番艦,20000000,100000,70000,400,11,0,1943,
538379330,577,977,20170442,伊41改,巡潜乙型改一,2番艦,20000000,100000,70000,440,2,0,1945,
538379527,45492,607,20170507,伊47改,巡潜丙型,7番艦,20000000,100000,70000,500,7,0,1945,
538380033,45537,719,20170701,伊201改,潜高型,1番艦,20000000,100000,70000,700,1,0,1948,
538380035,487,887,20170703,伊203改,潜高型,3番艦,20000000,100000,70000,700,3,0,1948,
538382080,45219,402,20170F00,まるゆ改,（陸軍）,-,20000000,100000,70000,F00,0,0,1945,
538395138,45184,400,20174202,伊8改,巡潜3型,2番艦,20000000,100000,74000,200,2,0,1942,
538395393,45350,374,20174301,伊13改,巡潜甲型改二,1番艦,20000000,100000,74000,300,1,0,1946,
538395394,45351,375,20174302,伊14改,巡潜甲型改二,2番艦,20000000,100000,74000,300,2,0,1946,
538395651,45179,401,20174403,伊19改,巡潜乙型,3番艦,20000000,100000,74000,400,3,0,1944,
538395655,45339,367,20174407,伊26改,巡潜乙型,7番艦,20000000,100000,74000,400,7,0,1944,
538395779,45183,399,20174483,伊58改,巡潜乙型改二,3番艦,20000000,100000,74000,480,3,0,1946,
538396161,45349,606,20174601,伊400改,潜特型(伊400型潜水艦),1番艦,20000000,100000,74000,600,1,0,1946,
538396162,45211,403,20174602,伊401改,潜特型,2番艦,20000000,100000,74000,600,2,0,1946,
538444033,299,499,20180101,神威改,神威型,1番艦,20000000,100000,80000,100,1,30190201,1934,
538445057,250,450,20180501,秋津洲改,秋津洲型,1番艦,20000000,100000,80000,500,1,0,1944,
538452481,95,104,20182201,千歳改,千歳型,1番艦,20000000,100000,82000,200,1,30182201,1939,
538452482,96,105,20182202,千代田改,千歳型,2番艦,20000000,100000,82000,200,2,30182202,1939,
538452737,45307,348,20182301,瑞穂改,瑞穂型,1番艦,20000000,100000,82000,300,1,0,1942,
538452993,45437,690,20182401,日進改,日進型,1番艦,20000000,100000,82000,400,1,30182401,1944,
538509569,45316,352,20190101,速吸改,改風早型,1番艦,20000000,100000,90000,100,1,0,1946,
538510081,608,1008,20190301,しまね丸改,特1TL型,1番艦,20000000,100000,90000,300,1,0,1948,
538510338,45556,717,20190402,山汐丸改,特2TL型,2番艦,20000000,100000,90000,400,2,0,1948,
538510848,600,1000,20190600,大泊改,大泊型,-,20000000,100000,90000,600,0,0,1939,
538575104,166,166,201A0100,あきつ丸改,特種船丙型,-,20000000,100000,A0000,100,0,0,1945,
538575360,426,626,201A0200,神州丸改,陸軍特種船(R1),-,20000000,100000,A0000,200,0,0,1940,
538575617,45601,727,201A0301,第百一号輸送艦改,二等輸送艦,1番艦,20000000,100000,A0000,300,1,0,1945,
538575872,548,948,201A0400,熊野丸改,特種船M丙型,-,20000000,100000,A0000,400,0,0,1947,
538640640,187,187,201B0100,明石改,明石型,-,20000000,100000,B0000,100,0,0,1943,
538640898,558,958,201B0202,朝日改,改敷島型,2番艦,20000000,100000,B0000,200,2,0,1937,
539100929,45230,310,20220701,Z1改,Z1型,1番艦,20000000,200000,20000,700,1,30220701,1940,
539100931,45231,311,20220703,Z3改,Z1型,3番艦,20000000,200000,20000,700,3,30220703,1940,
539232259,177,177,20240803,Prinz Eugen改,Admiral Hipper級,3番艦,20000000,200000,40000,800,3,0,1943,
539305985,172,172,20252801,Bismarck改,Bismarck級,1番艦,20000000,200000,52000,800,1,30252801,1942,
539363329,45288,353,20260801,Graf Zeppelin改,Graf Zeppelin級,1番艦,20000000,200000,60000,800,1,0,1943,
539427595,45287,334,2027030B,U-511改,UボートIXC型,-,20000000,200000,70000,300,B,1017080B,1942,
540148993,380,580,20320501,Maestrale改,Maestrale級,1番艦,20000000,300000,20000,500,1,0,1940,
540148994,419,619,20320502,Grecale改,Maestrale級,2番艦,20000000,300000,20000,500,2,0,1940,
540148995,45299,347,20320503,Libeccio改,Maestrale級,3番艦,20000000,300000,20000,500,3,0,1940,
540148996,45509,658,20320504,Scirocco改,Maestrale級,4番艦,20000000,300000,20000,500,4,0,1940,
540215041,45445,693,20330701,L.d.S.D.d.Abruzzi改,L.d.S.D.d.Abruzzi級,1番艦,20000000,300000,30000,700,1,0,1941,
540215042,45446,691,20330702,G.Garibaldi改,L.d.S.D.d.Abruzzi級,2番艦,20000000,300000,30000,700,2,0,1941,
540280577,45304,358,20340701,Zara改,Zara級,1番艦,20000000,300000,40000,700,1,30340701,1938,
540280579,45305,361,20340703,Pola改,Zara級,3番艦,20000000,300000,40000,700,3,0,1938,
540349697,478,878,20351501,Conte di Cavour改,Conte di Cavour級,1番艦,20000000,300000,51000,500,1,30351501,1930,
540354562,246,446,20352802,Italia,V.Veneto級,2番艦,20000000,300000,52000,800,2,0,1945,
540354564,247,447,20352804,Roma改,V.Veneto級,4番艦,20000000,300000,52000,800,4,0,1945,
540411905,45300,365,20360801,Aquila改,Aquila級,1番艦,20000000,300000,60000,800,1,0,1946,
540477188,45381,605,20370704,Luigi Torelli改,Guglielmo Marconi級,4番艦,20000000,300000,70000,700,4,10270704,1941,
540477194,45590,731,2037070A,C.Cappellini改,Marcello級,10番艦,20000000,300000,70000,700,A,1027070A,1941,
541136970,45417,681,2041184A,Samuel B.Roberts改,John C.Butler級,DE-413,20000000,400000,11000,800,4A,3041184A,1947,
541198336,45452,692,20420800,Fletcher改,Fletcher級,DD-445,20000000,400000,20000,800,0,22420800,1945,
541198448,45418,689,20420870,Johnston改,Fletcher級,DD-557,20000000,400000,20000,800,70,0,1945,
541198554,45597,726,204208DA,Heywood L.E.,Fletcher級,DD-663,20000000,400000,20000,800,DA,0,1945,
541198555,45598,737,204208DB,Richard P.Leary改,Fletcher級,DD-664,20000000,400000,20000,800,DB,0,1945,
541263617,45553,722,20430701,Brooklyn改,Brooklyn級,1番艦,20000000,400000,30000,700,1,0,1942,
541263621,45608,734,20430705,Phoenix改,Brooklyn級,6番艦,20000000,400000,30000,700,5,30C30705,1942,
541263623,45454,711,20430707,Honolulu改,Brooklyn級,7番艦,20000000,400000,30000,700,7,0,1942,
541263746,420,620,20430782,Helena改,St.Louis級,2番艦,20000000,400000,30000,780,2,0,1942,
541296641,45453,696,20438801,Atlanta改,Atlanta級,1番艦,20000000,400000,38000,800,1,0,1944,
541328897,460,660,20440601,Northampton改,Northampton級,1番艦,20000000,400000,40000,600,1,0,1938,
541328901,400,600,20440605,Houston改,Northampton級,5番艦,20000000,400000,40000,600,5,0,1938,
541329155,610,1010,20440703,Minneapolis改,New Orleans級,3番艦,20000000,400000,40000,700,3,0,1941,
541329156,528,928,20440704,Tuscaloosa改,New Orleans級,4番艦,20000000,400000,40000,700,4,0,1941,
541394433,529,929,20450601,Nevada改,Nevada級,1番艦,20000000,400000,50000,600,1,22450601,1928,
541394689,406,1496,20450701,Colorado改,Colorado級,1番艦,20000000,400000,50000,700,1,0,1937,
541394690,518,918,20450702,Maryland改,Colorado級,2番艦,20000000,400000,50000,700,2,0,1937,
541403138,459,659,20452802,Washington改,North Carolina級,2番艦,20000000,400000,52000,800,2,0,1944,
541403265,407,697,20452881,South Dakota改,South Dakota級,1番艦,20000000,400000,52000,880,1,0,1944,
541403267,538,938,20452883,Massachusetts改,South Dakota級,3番艦,20000000,400000,52000,880,3,0,1944,
541403393,45296,360,20452901,Iowa改,Iowa級,1番艦,20000000,400000,52000,900,1,0,1945,
541460481,567,735,20460801,Lexington改,Lexington級,1番艦,20000000,400000,60000,800,1,0,1939,
541460482,238,438,20460802,Saratoga改,Lexington級,2番艦,20000000,400000,60000,800,2,30468802,1939,
541460609,45587,723,20460881,Ranger改,Ranger級,1番艦,20000000,400000,60000,880,1,0,1940,
541460739,45459,704,20460903,Hornet改,Yorktown級,3番艦,20000000,400000,60000,900,3,0,1943,
541460997,45405,397,20460A05,Intrepid改,Essex級,5番艦,20000000,400000,60000,A00,5,0,1952,
541472019,45400,396,20463513,Gambier Bay改,Casablanca級,19番艦,20000000,400000,63000,500,13,30463513,1945,
541472262,530,930,20463606,Langley改,Independence級,6番艦,20000000,400000,63000,600,6,0,1945,
541526016,496,897,20470800,Salmon改,Salmon級,SS-182,20000000,400000,70000,800,0,0,1942,
541526544,45548,732,20470A10,Drum改,Gato級,SS-228,20000000,400000,70000,A00,10,0,1945,
541526554,589,989,20470A1A,Wahoo改,Gato級,SS-238,20000000,400000,70000,A00,1A,0,1945,
541526593,45549,715,20470A41,Scamp改,Gato級,SS-277,20000000,400000,70000,A00,41,0,1945,
542246657,45375,394,20520701,Jervis改,J級,1番艦,20000000,500000,20000,700,1,0,1942,
542246661,45376,893,20520705,Janus改,J級,5番艦,20000000,500000,20000,700,5,0,1942,
542246662,506,906,20520706,Javelin改,J級,6番艦,20000000,500000,20000,700,6,0,1942,
542312197,45370,705,20530705,Sheffield改,Town級,5番艦,20000000,500000,30000,700,5,0,1940,
542443010,45295,364,20550602,Warspite改,Queen Elizabeth級,2番艦,20000000,500000,50000,600,2,0,1936,
542443012,45583,927,20550604,Valiant改,Queen Elizabeth級,4番艦,20000000,500000,50000,600,4,0,1936,
542443265,376,576,20550701,Nelson改,Nelson級,1番艦,20000000,500000,50000,700,1,0,1941,
542443266,377,577,20550702,Rodney改,Nelson級,2番艦,20000000,500000,50000,700,2,0,1941,
542508545,45371,393,20560601,Ark Royal改,Ark Royal級,1番艦,20000000,500000,60000,600,1,0,1943,
542525442,45541,713,20564802,Victorious改,Illustrious級,2番艦,20000000,500000,64000,800,2,0,1945,
543312129,567,967,20624901,Mogador改,Mogador級,1番艦,20000000,600000,24000,900,1,0,1943,
543360517,570,970,20630605,Gloire改,La Galissonnière級,5番艦,20000000,600000,30000,600,5,0,1941,
543500545,45348,392,20652901,Richelieu改,Richelieu級,1番艦,20000000,600000,52000,900,1,30652901,1940,
543500546,45591,724,20652902,Jean Bart改,Richelieu級,2番艦,20000000,600000,52000,900,2,0,1940,
543687937,45347,372,20680501,Commandant Teste改,C.Teste級,1番艦,20000000,600000,80000,500,1,0,1941,
544377089,45369,395,20728901,Ташкент改,Ташкент級,1番艦,20000000,700000,28000,900,1,0,1944,
544408833,606,1006,20730501,Киров改,Киров級,1番艦,20000000,700000,30000,500,1,0,1943,
544543745,312,512,20751401,Октябрьская революция,Гангут級,1番艦,20000000,700000,51000,400,1,30751401,1925,
546505729,45455,609,20930401,De Ruyter改,De Ruyter級,1番艦,20000000,900000,30000,400,1,0,1941,
547555329,379,579,20A30801,Gotland改,Gotland級,1番艦,20000000,A00000,30000,800,1,30A34801,1939,
548603393,418,618,20B30601,Perth改,Perth級,1番艦,20000000,B00000,30000,600,1,0,1942,
562203136,451,651,21828A00,丹陽,改装陽炎型,-,21000000,800000,28000,800,0,30126808,1946,
574752768,428,628,22420800,Fletcher改 Mod.2,Fletcher級,DD-445,22000000,400000,20000,800,0,30424800,1948,
574948865,536,936,22450601,Nevada改 Mod.2,Nevada級,1番艦,22000000,400000,50000,600,1,0,1939,
722601996,357,557,2B12080C,磯風乙改,陽炎型,12番艦,2b000000,100000,20000,800,C,0,1944,
722601997,358,312,2B12080D,浜風乙改,陽炎型,13番艦,2b000000,100000,20000,800,D,0,1944,
756176910,359,559,2D12580E,谷風丁改,陽炎型,14番艦,2d000000,100000,25000,800,E,0,1944,
756181003,356,556,2D12680B,浦風丁改,陽炎型,11番艦,2d000000,100000,26000,800,B,0,1944,
806421772,579,979,3011050C,稲木改二,鵜来型,12番艦,30000000,100000,10000,500,C,0,1949,
806487041,226,426,30120401,吹雪改二,吹雪型,1番艦,30000000,100000,20000,400,1,0,1941,
806487045,220,420,30120405,叢雲改二,吹雪型,5番艦,30000000,100000,20000,400,5,0,1941,
806487057,195,195,30120411,綾波改二,綾波型,1番艦,30000000,100000,20000,410,1,0,1941,
806487058,427,627,30120412,敷波改二,綾波型,2番艦,30000000,100000,20000,410,2,0,1941,
806487061,503,903,30120415,天霧改二,綾波型,5番艦,30000000,100000,20000,410,5,3D123415,1941,
806487064,465,665,30120418,曙改二,綾波型,8番艦,30000000,100000,20000,410,8,0,1941,
806487066,207,407,3012041A,潮改二,綾波型,10番艦,30000000,100000,20000,410,A,0,1941,
806487073,237,437,30120421,暁改二,暁型,1番艦,30000000,100000,20000,420,1,0,1941,
806487297,204,326,30120501,初春改二,初春型,1番艦,30000000,100000,20000,500,1,0,1942,
806487554,145,145,30120602,時雨改二,白露型,2番艦,30000000,100000,20000,600,2,40126602,1943,
806487556,144,144,30120604,夕立改二,白露型,4番艦,30000000,100000,20000,600,4,0,1943,
806487809,263,463,30120701,朝潮改二,朝潮型,1番艦,30000000,100000,20000,700,1,3D123701,1944,
806488083,448,648,30120813,秋雲改二,陽炎型,19番艦,30000000,100000,20000,800,13,0,1945,
806490881,234,434,30121301,睦月改二,睦月型,1番艦,30000000,100000,21000,300,1,0,1940,
806490882,235,435,30121302,如月改二,睦月型,2番艦,30000000,100000,21000,300,2,0,1940,
806491138,586,986,30121402,白雪改二,吹雪型,2番艦,30000000,100000,21000,400,2,0,1941,
806491140,559,959,30121404,深雪改二,吹雪型,4番艦,30000000,100000,21000,400,4,0,1941,
806491396,219,419,30121504,初霜改二,初春型,4番艦,30000000,100000,21000,500,4,0,1942,
806491651,298,498,30121603,村雨改二,白露型,3番艦,30000000,100000,21000,600,3,0,1943,
806491653,575,975,30121605,春雨改二,白露型,5番艦,20000000,100000,21000,600,5,0,1943,
806491657,269,469,30121609,江風改二,白露型,9番艦,30000000,100000,21000,600,9,0,1943,
806495745,297,497,30122601,白露改二,白露型,1番艦,30000000,100000,22000,600,1,0,1943,
806495746,388,588,30122602,山風改二,改白露型,2番艦,30000000,100000,22000,600,2,3D123602,1943,
806499077,218,418,30123305,皐月改二,睦月型,5番艦,30000000,100000,23000,300,5,0,1940,
806499079,348,548,30123307,文月改二,睦月型,7番艦,30000000,100000,23000,300,7,0,1940,
806499337,466,666,30123409,磯波改二,吹雪型,9番艦,30000000,100000,23000,400,9,0,1941,
806499338,447,647,3012340A,浦波改二,吹雪型,10番艦,30000000,100000,23000,400,A,0,1941,
806499841,387,587,30123601,海風改二,改白露型,1番艦,30000000,100000,23000,600,1,0,1943,
806500098,199,199,30123702,大潮改二,朝潮型,2番艦,30000000,100000,23000,700,2,0,1944,
806500099,289,489,30123703,満潮改二,朝潮型,3番艦,30000000,100000,23000,700,3,0,1944,
806500100,290,490,30123704,荒潮改二,朝潮型,4番艦,30000000,100000,23000,700,4,0,1944,
806500105,198,198,30123709,霰改二,朝潮型,9番艦,30000000,100000,23000,700,9,0,1944,
806500106,264,464,3012370A,霞改二,朝潮型,10番艦,30000000,100000,23000,700,A,3B12370A,1944,
806504449,366,566,30124801,陽炎改二,陽炎型,1番艦,30000000,100000,24000,800,1,0,1945,
806504450,367,567,30124802,不知火改二,陽炎型,2番艦,30000000,100000,24000,800,2,0,1945,
806504705,342,542,30124901,夕雲改二,夕雲型,1番艦,30000000,100000,24000,900,1,0,1946,
806504708,343,543,30124904,長波改二,夕雲型,4番艦,30000000,100000,24000,900,4,0,1946,
806504710,449,649,30124906,高波改二,夕雲型,6番艦,30000000,100000,24000,900,6,0,1946,
806504723,555,955,30124913,清霜改二,夕雲型,19番艦,30000000,100000,24000,900,13,3D127913,1946,
806505220,568,968,30124B04,初月改二,秋月型,4番艦,20000000,100000,24000,B00,4,0,1947,
806507523,587,987,30125403,初雪改二,吹雪型,3番艦,20000000,100000,25000,400,3,0,1941,
806508553,551,951,30125809,天津風改二,改装陽炎型,9番艦,30000000,100000,25000,800,9,0,1945,
806508802,363,563,30125902,巻雲改二,夕雲型,2番艦,30000000,100000,25000,900,2,0,1946,
806508817,556,956,30125911,早霜改二,夕雲型,17番艦,30000000,100000,25000,900,11,0,1946,
806512643,368,568,30126803,黒潮改二,陽炎型,3番艦,30000000,100000,26000,800,3,0,1945,
806512644,470,670,30126804,親潮改二,陽炎型,4番艦,30000000,100000,26000,800,4,0,1945,
806512648,456,656,30126808,雪風改二,改陽炎型,8番艦,30000000,100000,26000,800,8,0,1951,
806512899,364,564,30126903,風雲改二,夕雲型,3番艦,30000000,100000,26000,900,3,0,1946,
806512907,581,981,3012690B,藤波改二,夕雲型,11番艦,30000000,100000,26000,900,B,0,1946,
806512909,583,983,3012690D,浜波改二,夕雲型,13番艦,20000000,100000,26000,900,D,0,1946,
806512910,369,569,3012690E,沖波改二,夕雲型,14番艦,30000000,100000,26000,900,E,0,1946,
806512912,378,578,30126910,朝霜改二,夕雲型,16番艦,30000000,100000,26000,900,10,0,1946,
806516741,515,915,30127805,早潮改二,陽炎型,5番艦,30000000,100000,27000,800,5,0,1945,
806551809,277,477,30130101,天龍改二,天龍型,1番艦,30000000,100000,30000,100,1,0,1943,
806551810,278,478,30130102,龍田改二,天龍型,2番艦,30000000,100000,30000,100,2,0,1943,
806552325,287,487,30130305,鬼怒改二,長良型,5番艦,30000000,100000,30000,300,5,0,1944,
806552577,158,158,30130401,川内改二,川内型,1番艦,30000000,100000,30000,400,1,0,1947,
806552578,159,159,30130402,神通改二,川内型,2番艦,30000000,100000,30000,400,2,0,1943,
806552579,160,160,30130403,那珂改二,川内型,3番艦,30000000,100000,30000,400,3,0,1943,
806552833,422,622,30130501,夕張改二,夕張型,1番艦,30000000,100000,30000,500,1,3F132501,1944,
806560259,115,119,30132203,北上改二,球磨型,3番艦,30000000,100000,32000,200,3,0,1944,
806560260,114,118,30132204,大井改二,球磨型,4番艦,30000000,100000,32000,200,4,0,1944,
806560261,146,146,30132205,木曾改二,球磨型,5番艦,30000000,100000,32000,200,5,0,1944,
806560518,200,200,30132306,阿武隈改二,長良型,6番艦,30000000,100000,32000,300,6,0,1946,
806568449,452,652,30134201,球磨改二,改装球磨型,1番艦,30000000,100000,34000,200,1,3D132201,1947,
806568450,347,547,30134202,多摩改二,球磨型,2番艦,30000000,100000,34000,200,2,0,1934,
806569474,462,662,30134602,能代改二,改阿賀野型,2番艦,30000000,100000,34000,600,2,0,1923,
806569475,463,663,30134603,矢矧改二,改阿賀野型,3番艦,30000000,100000,34000,600,3,3B132603,1924,
806576900,288,488,30136304,由良改二,長良型,4番艦,30000000,100000,36000,300,4,0,1938,
806585090,141,141,30138302,五十鈴改二,長良型,2番艦,30000000,100000,38000,300,2,0,1938,
806617345,216,416,30140101,古鷹改二,古鷹型,1番艦,30000000,100000,40000,100,1,0,1942,
806617346,217,417,30140102,加古改二,古鷹型,2番艦,30000000,100000,40000,100,2,0,1942,
806617602,142,142,30140202,衣笠改二,青葉型,2番艦,30000000,100000,40000,200,2,0,1942,
806617857,191,319,30140301,妙高改二,妙高型,1番艦,30000000,100000,40000,300,1,0,1943,
806617858,192,192,30140302,那智改二,妙高型,2番艦,30000000,100000,40000,300,2,0,1943,
806617859,193,193,30140303,足柄改二,妙高型,3番艦,30000000,100000,40000,300,3,0,1943,
806617860,194,194,30140304,羽黒改二,妙高型,4番艦,30000000,100000,40000,300,4,0,1943,
806618115,228,428,30140403,摩耶改二,高雄型,3番艦,30000000,100000,40000,400,3,0,1943,
806618116,227,427,30140404,鳥海改二,高雄型,4番艦,30000000,100000,40000,400,4,0,1943,
806634753,301,501,30144501,最上改二,最上型,1番艦,30000000,100000,44000,500,1,3F146501,1946,
806634754,302,502,30144502,三隈改二,最上型,2番艦,30000000,100000,44000,500,2,3F182602,1946,
806634755,303,503,30144503,鈴谷改二,最上型,3番艦,30000000,100000,44000,500,3,30161803,1944,
806634756,304,504,30144504,熊野改二,最上型,4番艦,30000000,100000,44000,500,4,30161804,1944,
806635009,188,188,30144601,利根改二,利根型,1番艦,30000000,100000,44000,600,1,0,1944,
806635010,189,189,30144602,筑摩改二,利根型,2番艦,30000000,100000,44000,600,2,0,1944,
806683393,341,541,30150301,長門改二,長門型,1番艦,30000000,100000,50000,300,1,0,1944,
806683394,373,573,30150302,陸奥改二,長門型,2番艦,30000000,100000,50000,300,2,0,1944,
806683650,346,546,30150402,武蔵改二,大和型,2番艦,30000000,100000,50000,400,2,0,1947,
806686977,149,149,30151101,金剛改二,金剛型,1番艦,30000000,100000,51000,100,1,3C151101,1936,
806686978,150,150,30151102,比叡改二,金剛型,2番艦,30000000,100000,51000,100,2,3C151102,1936,
806686979,151,151,30151103,榛名改二,金剛型,3番艦,30000000,100000,51000,100,3,3B151103,1936,
806686980,152,152,30151104,霧島改二,金剛型,4番艦,30000000,100000,51000,100,4,3C151104,1936,
806691841,511,911,30152401,大和改二,改大和型,1番艦,30000000,100000,52000,400,1,3F154401,1948,
806699265,211,411,30154101,扶桑改二,扶桑型,1番艦,30000000,100000,54000,100,1,0,1942,
806699266,212,412,30154102,山城改二,扶桑型,2番艦,30000000,100000,54000,100,2,0,1942,
806699521,353,553,30154201,伊勢改二,改伊勢型,1番艦,30000000,100000,54000,200,1,0,1944,
806699522,354,554,30154202,日向改二,改伊勢型,2番艦,30000000,100000,54000,200,2,0,1944,
806748417,404,594,30160101,赤城改二,改赤城型,1番艦,30000000,100000,60000,100,1,3E168101,1948,
806748433,405,698,30160111,加賀改二,改加賀型,1番艦,30000000,100000,60000,110,1,3E168111,1948,
806748673,197,197,30160201,蒼龍改二,蒼龍型,1番艦,30000000,100000,60000,200,1,0,1943,
806748689,196,196,30160211,飛龍改二,飛龍型,1番艦,30000000,100000,60000,210,1,0,1943,
806748929,261,461,30160301,翔鶴改二,翔鶴型,1番艦,30000000,100000,60000,300,1,3A164301,1946,
806748930,262,462,30160302,瑞鶴改二,翔鶴型,2番艦,30000000,100000,60000,300,2,3A164302,1946,
806752769,157,157,30161201,龍驤改二,龍驤型,1番艦,30000000,100000,61000,200,1,0,1945,
806753025,488,888,30161301,龍鳳改二,改龍鳳型,1番艦,30000000,100000,61000,300,1,3E169301,1947,
806753282,355,555,30161402,瑞鳳改二,祥鳳型,2番艦,30000000,100000,61000,400,2,3B163402,1946,
806753538,208,408,30161502,隼鷹改二,飛鷹型,2番艦,30000000,100000,61000,500,2,0,1945,
806753793,121,296,30161601,千歳航改二,千歳型,1番艦,30000000,100000,61000,600,1,0,1945,
806753794,122,297,30161602,千代田航改二,千歳型,2番艦,30000000,100000,61000,600,2,0,1945,
806754307,308,508,30161803,鈴谷航改二,最上型,3番艦,30000000,100000,61000,800,3,30144503,1945,
806754308,309,509,30161804,熊野航改二,最上型,4番艦,30000000,100000,61000,800,4,30144504,1945,
806760705,494,894,30163101,鳳翔改二,改鳳翔型,1番艦,30000000,100000,63000,100,1,3F163101,1945,
806762241,331,529,30163701,大鷹改二,大鷹型,1番艦,30000000,100000,63000,700,1,0,1945,
806762242,489,889,30163702,雲鷹改二,大鷹型,2番艦,30000000,100000,63000,700,2,0,1945,
806762244,336,536,30163704,神鷹改二,大鷹型,4番艦,30000000,100000,63000,700,4,0,1945,
806887937,99,106,30182201,千歳甲,千歳型,1番艦,30000000,100000,82000,200,1,10161601,1940,
806887938,100,107,30182202,千代田甲,千歳型,2番艦,30000000,100000,82000,200,2,10161602,1940,
806888449,386,586,30182401,日進甲,日進型,1番艦,30000000,100000,82000,400,1,0,1946,
806945281,300,500,30190201,神威改母,神威型,1番艦,30000000,100000,90000,200,1,0,1944,
807536385,179,179,30220701,Z1 zwei,Z1型,1番艦,30000000,200000,20000,700,1,0,1944,
807536387,180,180,30220703,Z3 zwei,Z1型,3番艦,30000000,200000,20000,700,3,0,1944,
807741441,173,173,30252801,Bismarck zwei,Bismarck級,1番艦,30000000,200000,52000,800,1,40252801,1944,
808716033,296,496,30340701,Zara due,Zara級,1番艦,30000000,300000,40000,700,1,0,1943,
808785153,479,879,30351501,Conte di Cavour nuovo,Conte di Cavour級,1番艦,30000000,300000,51000,500,1,0,1940,
809572426,520,920,3041184A,Samuel B.Roberts Mk.II,John C.Butler級,DE-413,30000000,400000,11000,800,4A,0,1950,
809650176,429,629,30424800,Fletcher Mk.II,改Fletcher級,DD-445,30000000,400000,24000,800,0,22420800,1948,
809907475,458,707,30463513,Gambier Bay Mk.II,Casablanca級,19番艦,30000000,400000,63000,500,13,0,1948,
809928706,345,545,30468802,Saratoga Mk.II,Lexington級,2番艦,30000000,400000,68000,800,2,32464802,1944,
811936001,569,969,30652901,Richelieu Deux,Richelieu級,1番艦,30000000,600000,52000,900,1,0,1947,
812778530,147,147,30720422,Верный,暁型,2番艦,30000000,700000,20000,420,2,0,1946,
812979201,316,513,30751401,Гангут два,Гангут級,1番艦,30000000,700000,51000,400,1,0,1936,
816007169,430,630,30A34801,Gotland andra,Gotland級,1番艦,30000000,A00000,34000,800,1,0,1943,
818087685,557,957,30C30705,General Belgrano,Brooklyn級,5番艦,30000000,C00000,30000,700,5,0,1951,
843466754,350,550,32464802,Saratoga Mk.II Mod.2,Lexington級,2番艦,32000000,400000,64000,800,2,30468802,1944,
974537473,266,466,3A164301,翔鶴改二甲,翔鶴型,1番艦,3a000000,100000,64000,300,1,30160301,1946,
974537474,267,467,3A164302,瑞鶴改二甲,翔鶴型,2番艦,3a000000,100000,64000,300,2,30160302,1946,
991049482,270,470,3B12370A,霞改二乙,朝潮型,10番艦,3b000000,100000,23000,700,A,3012370A,1944,
991127043,468,668,3B136603,矢矧改二乙,改阿賀野型,3番艦,3b000000,100000,36000,600,3,30134603,1930,
991236355,393,593,3B151103,榛名改二乙,改金剛型,3番艦,3b000000,100000,51000,100,3,3C151103,1944,
991310850,360,560,3B163402,瑞鳳改二乙,祥鳳型,2番艦,3b000000,100000,63000,400,2,30161402,1946,
1008013569,391,591,3C151101,金剛改二丙,改金剛型,1番艦,3c000000,100000,51000,100,1,0,1944,
1008013570,392,592,3C151102,比叡改二丙,改金剛型,2番艦,3c000000,100000,51000,100,2,0,1944,
1008013571,554,954,3C151103,榛名改二丙,改金剛型,3番艦,3c000000,100000,51000,100,3,3B151103,1944,
1008013572,394,694,3C151104,霧島改二丙,改金剛型,4番艦,3C000000,100000,51000,100,4,0,1944,
1024603157,508,908,3D123415,天霧改二丁,綾波型,5番艦,3d000000,100000,23000,410,5,30120415,1943,
1024603650,467,667,3D123602,山風改二丁,改白露型,2番艦,3d000000,100000,23000,600,2,30122602,1943,
1024603905,268,468,3D123701,朝潮改二丁,朝潮型,1番艦,3d000000,100000,23000,700,1,30120701,1944,
1024620819,560,960,3D127913,清霜改二丁,夕雲型,19番艦,3d000000,100000,27000,900,13,30124913,1946,
1024656641,424,624,3D130501,夕張改二丁,夕張型,1番艦,3d000000,100000,30000,500,1,30130501,1938,
1024664065,457,657,3D132201,球磨改二丁,改装球磨型,1番艦,3d000000,100000,32000,200,1,30134201,1945,
1041662209,409,599,3E168101,赤城改二戊,改赤城型,1番艦,3e000000,100000,68000,100,1,30160101,1948,
1041662225,410,610,3E168111,加賀改二戊,改加賀型,1番艦,3e000000,100000,68000,110,1,3F162111,1948,
1041666817,483,883,3E169301,龍鳳改二戊,改龍鳳型,1番艦,3e000000,100000,69000,300,1,30161301,1947,
1058219265,423,623,3F132501,夕張改二特,夕張型,1番艦,3f000000,100000,32000,500,1,3D130501,1941,
1058301185,306,506,3F146501,最上改二特,最上型,1番艦,3f000000,100000,46000,500,1,30144501,1948,
1058358273,516,916,3F154401,大和改二重,改大和型,1番艦,3f000000,100000,54000,400,1,30152401,1948,
1058414865,446,646,3F162111,加賀改二護,改加賀型,1番艦,3f000000,100000,62000,110,1,30160111,1953,
1058418945,499,899,3F163101,鳳翔改二戦,改鳳翔型,1番艦,3f000000,100000,63000,100,1,30163101,1945,
1058547202,307,507,3F182602,三隈改二特,最上型,2番艦,3f000000,100000,82000,600,2,30144502,1946,
1074947586,561,961,40126602,時雨改三,改装白露型,2番艦,40000000,100000,26000,600,2,0,1946,
1076176897,178,178,40252801,Bismarck drei,Bismarck級,1番艦,40000000,200000,52000,800,1,0,1946,
2046886144,,,7A010100,海防ㄖ级Flagship,海防ㄖ级,Flagship,7a000000,0,10000,100,0,0,,
2046890240,,,7A011100,鱼雷艇Flagship,鱼雷艇,Flagship,7a000000,0,11000,100,0,0,,
2046984448,,,7A028100,驱逐ㄅ级Flagship,驱逐ㄅ级,Flagship,7a000000,0,28000,100,0,0,,
2046984704,,,7A028200,驱逐ㄆ级Flagship,驱逐ㄆ级,Flagship,7a000000,0,28000,200,0,0,,
2046984960,,,7A028300,驱逐ㄇ级Flagship,驱逐ㄇ级,Flagship,7a000000,0,28000,300,0,0,,
2046985216,,,7A028400,驱逐ㄈ级Flagship,驱逐ㄈ级,Flagship,7a000000,0,28000,400,0,0,,
2047017216,,,7A030100,轻巡ㄉ级Flagship,轻巡ㄉ级,Flagship,7a000000,0,30000,100,0,0,,
2047025920,,,7A032300,雷巡ㄋ级Flagship,雷巡ㄋ级,Flagship,7a000000,0,32000,300,0,0,,
2047050240,,,7A038200,轻巡ㄊ级Flagship,轻巡ㄊ级,Flagship,7a000000,0,38000,200,0,0,,
2047082752,,,7A040100,重巡ㄍ级Flagship,重巡ㄍ级,Flagship,7a000000,0,40000,100,0,0,,
2047099392,,,7A044200,航巡ㄎ级Flagship,航巡ㄎ级,Flagship,7a000000,0,44000,200,0,0,,
2047148288,,,7A050100,战舰ㄐ级Flagship,战舰ㄐ级,Flagship,7a000000,0,50000,100,0,0,,
2047156736,,,7A052200,战舰ㄑ级Flagship,战舰ㄑ级,Flagship,7a000000,0,52000,200,0,0,,
2047164672,,,7A054100,浮游要塞Flagship,浮游要塞,Flagship,7a000000,0,54000,100,0,0,,
2047250688,,,7A069100,轻母ㄓ级Flagship,轻母ㄓ级,Flagship,7a000000,0,69000,100,0,0,,
2047254784,,,7A06A100,空母ㄌ级Flagship,空母ㄌ级,Flagship,7a000000,0,6A000,100,0,0,,
2047259136,,,7A06B200,轻母ㄔ级Flagship,轻母ㄔ级,Flagship,7a000000,0,6B000,200,0,0,,
2047279360,,,7A070100,潜水ㄒ级Flagship,潜水ㄒ级,Flagship,7a000000,0,70000,100,0,0,,
2047410432,,,7A090100,输送ㄏ级Flagship,输送ㄏ级,Flagship,7a000000,0,90000,100,0,0,,
2047607040,,,7A0C0100,岸防炮台Flagship,岸防炮台,Flagship,7a000000,0,C0000,100,0,0,,
2047639808,,,7A0C8100,对空炮台Flagship,对空炮台,Flagship,7a000000,0,C8000,100,0,0,,
2048987392,,,7A211100,鱼雷艇Sch. Flagship,鱼雷艇Sch. ,Flagship,7a000000,200000,11000,100,0,0,,
2063663360,,,7B010100,海防ㄖ级Chief,海防ㄖ级,Chief,7b000000,0,10000,100,0,0,,
2063667456,,,7B011100,鱼雷艇Chief,鱼雷艇,Chief,7b000000,0,11000,100,0,0,,
2063728896,,,7B020100,驱逐ㄅ级Chief,驱逐ㄅ级,Chief,7b000000,0,20000,100,0,0,,
2063729152,,,7B020200,驱逐ㄆ级Chief,驱逐ㄆ级,Chief,7b000000,0,20000,200,0,0,,
2063729408,,,7B020300,驱逐ㄇ级Chief,驱逐ㄇ级,Chief,7b000000,0,20000,300,0,0,,
2063729664,,,7B020400,驱逐ㄈ级Chief,驱逐ㄈ级,Chief,7b000000,0,20000,400,0,0,,
2063794432,,,7B030100,轻巡ㄉ级Chief,轻巡ㄉ级,Chief,7b000000,0,30000,100,0,0,,
2063803136,,,7B032300,雷巡ㄋ级Chief,雷巡ㄋ级,Chief,7b000000,0,32000,300,0,0,,
2063827456,,,7B038200,轻巡ㄊ级Chief,轻巡ㄊ级,Chief,7b000000,0,38000,200,0,0,,
2063859968,,,7B040100,重巡ㄍ级Chief,重巡ㄍ级,Chief,7b000000,0,40000,100,0,0,,
2063876608,,,7B044200,航巡ㄎ级Chief,航巡ㄎ级,Chief,7b000000,0,44000,200,0,0,,
2063925504,,,7B050100,战舰ㄐ级Chief,战舰ㄐ级,Chief,7b000000,0,50000,100,0,0,,
2063933952,,,7B052200,战舰ㄑ级Chief,战舰ㄑ级,Chief,7b000000,0,52000,200,0,0,,
2063941888,,,7B054100,浮游要塞Chief,浮游要塞,Chief,7b000000,0,54000,100,0,0,,
2064027904,,,7B069100,轻母ㄓ级Chief,轻母ㄓ级,Chief,7b000000,0,69000,100,0,0,,
2064032000,,,7B06A100,空母ㄌ级Chief,空母ㄌ级,Chief,7b000000,0,6A000,100,0,0,,
2064036352,,,7B06B200,轻母ㄔ级Chief,轻母ㄔ级,Chief,7b000000,0,6B000,200,0,0,,
2064056576,,,7B070100,潜水ㄒ级Chief,潜水ㄒ级,Chief,7b000000,0,70000,100,0,0,,
2064187648,,,7B090100,输送ㄏ级Chief,输送ㄏ级,Chief,7b000000,0,90000,100,0,0,,
2064384256,,,7B0C0100,岸防炮台Chief,岸防炮台,Chief,7b000000,0,C0000,100,0,0,,
2064417024,,,7B0C8100,对空炮台Chief,对空炮台,Chief,7b000000,0,C8000,100,0,0,,
2065764608,,,7B211100,鱼雷艇Sch. Chief,鱼雷艇Sch. ,Chief,7b000000,200000,11000,100,0,0,,
2080440576,,,7C010100,海防ㄖ级Elite,海防ㄖ级,Elite,7c000000,0,10000,100,0,0,,
2080444672,,,7C011100,鱼雷艇Elite,鱼雷艇,Elite,7c000000,0,11000,100,0,0,,
2080506112,,,7C020100,驱逐ㄅ级Elite,驱逐ㄅ级,Elite,7c000000,0,20000,100,0,0,,
2080506368,,,7C020200,驱逐ㄆ级Elite,驱逐ㄆ级,Elite,7c000000,0,20000,200,0,0,,
2080506624,,,7C020300,驱逐ㄇ级Elite,驱逐ㄇ级,Elite,7c000000,0,20000,300,0,0,,
2080506880,,,7C020400,驱逐ㄈ级Elite,驱逐ㄈ级,Elite,7c000000,0,20000,400,0,0,,
2080571648,,,7C030100,轻巡ㄉ级Elite,轻巡ㄉ级,Elite,7c000000,0,30000,100,0,0,,
2080580352,,,7C032300,雷巡ㄋ级Elite,雷巡ㄋ级,Elite,7c000000,0,32000,300,0,0,,
2080604672,,,7C038200,轻巡ㄊ级Elite,轻巡ㄊ级,Elite,7c000000,0,38000,200,0,0,,
2080637184,,,7C040100,重巡ㄍ级Elite,重巡ㄍ级,Elite,7c000000,0,40000,100,0,0,,
2080653824,,,7C044200,航巡ㄎ级Elite,航巡ㄎ级,Elite,7c000000,0,44000,200,0,0,,
2080702720,,,7C050100,战舰ㄐ级Elite,战舰ㄐ级,Elite,7c000000,0,50000,100,0,0,,
2080711168,,,7C052200,战舰ㄑ级Elite,战舰ㄑ级,Elite,7c000000,0,52000,200,0,0,,
2080719104,,,7C054100,浮游要塞Elite,浮游要塞,Elite,7c000000,0,54000,100,0,0,,
2080772352,,,7C061100,轻母ㄓ级Elite,轻母ㄓ级,Elite,7c000000,0,61000,100,0,0,,
2080776448,,,7C062100,空母ㄌ级Elite,空母ㄌ级,Elite,7c000000,0,62000,100,0,0,,
2080780800,,,7C063200,轻母ㄔ级Elite,轻母ㄔ级,Elite,7c000000,0,63000,200,0,0,,
2080833792,,,7C070100,潜水ㄒ级Elite,潜水ㄒ级,Elite,7c000000,0,70000,100,0,0,,
2080964864,,,7C090100,输送ㄏ级Elite,输送ㄏ级,Elite,7c000000,0,90000,100,0,0,,
2081161472,,,7C0C0100,岸防炮台Elite,岸防炮台,Elite,7c000000,0,C0000,100,0,0,,
2081194240,,,7C0C8100,对空炮台Elite,对空炮台,Elite,7c000000,0,C8000,100,0,0,,
2082541824,,,7C211100,鱼雷艇Sch. Elite,鱼雷艇Sch. ,Elite,7c000000,200000,11000,100,0,0,,
2097217792,,,7D010100,海防ㄖ级Veteran,海防ㄖ级,Veteran,7d000000,0,10000,100,0,0,,
2097221888,,,7D011100,鱼雷艇Veteran,鱼雷艇,Veteran,7d000000,0,11000,100,0,0,,
2097283328,,,7D020100,驱逐ㄅ级Veteran,驱逐ㄅ级,Veteran,7d000000,0,20000,100,0,0,,
2097283584,,,7D020200,驱逐ㄆ级Veteran,驱逐ㄆ级,Veteran,7d000000,0,20000,200,0,0,,
2097283840,,,7D020300,驱逐ㄇ级Veteran,驱逐ㄇ级,Veteran,7d000000,0,20000,300,0,0,,
2097284096,,,7D020400,驱逐ㄈ级Veteran,驱逐ㄈ级,Veteran,7d000000,0,20000,400,0,0,,
2097348864,,,7D030100,轻巡ㄉ级Veteran,轻巡ㄉ级,Veteran,7d000000,0,30000,100,0,0,,
2097357568,,,7D032300,雷巡ㄋ级Veteran,雷巡ㄋ级,Veteran,7d000000,0,32000,300,0,0,,
2097381888,,,7D038200,轻巡ㄊ级Veteran,轻巡ㄊ级,Veteran,7d000000,0,38000,200,0,0,,
2097414400,,,7D040100,重巡ㄍ级Veteran,重巡ㄍ级,Veteran,7d000000,0,40000,100,0,0,,
2097431040,,,7D044200,航巡ㄎ级Veteran,航巡ㄎ级,Veteran,7d000000,0,44000,200,0,0,,
2097479936,,,7D050100,战舰ㄐ级Veteran,战舰ㄐ级,Veteran,7d000000,0,50000,100,0,0,,
2097488384,,,7D052200,战舰ㄑ级Veteran,战舰ㄑ级,Veteran,7d000000,0,52000,200,0,0,,
2097496320,,,7D054100,浮游要塞Veteran,浮游要塞,Veteran,7d000000,0,54000,100,0,0,,
2097545472,,,7D060100,空母ㄌ级Veteran,空母ㄌ级,Veteran,7d000000,0,60000,100,0,0,,
2097549568,,,7D061100,轻母ㄓ级Veteran,轻母ㄓ级,Veteran,7d000000,0,61000,100,0,0,,
2097549824,,,7D061200,轻母ㄔ级Veteran,轻母ㄔ级,Veteran,7d000000,0,61000,200,0,0,,
2097611008,,,7D070100,潜水ㄒ级Veteran,潜水ㄒ级,Veteran,7d000000,0,70000,100,0,0,,
2097742080,,,7D090100,输送ㄏ级Veteran,输送ㄏ级,Veteran,7d000000,0,90000,100,0,0,,
2097938688,,,7D0C0100,岸防炮台Veteran,岸防炮台,Veteran,7d000000,0,C0000,100,0,0,,
2097971456,,,7D0C8100,对空炮台Veteran,对空炮台,Veteran,7d000000,0,C8000,100,0,0,,
2099319040,,,7D211100,鱼雷艇Sch. Veteran,鱼雷艇Sch. ,Veteran,7d000000,200000,11000,100,0,0,,
2113995008,,,7E010100,海防ㄖ级Regular,海防ㄖ级,Regular,7e000000,0,10000,100,0,0,,
2113999104,,,7E011100,鱼雷艇Regular,鱼雷艇,Regular,7e000000,0,11000,100,0,0,,
2114060544,,,7E020100,驱逐ㄅ级Regular,驱逐ㄅ级,Regular,7e000000,0,20000,100,0,0,,
2114060800,,,7E020200,驱逐ㄆ级Regular,驱逐ㄆ级,Regular,7e000000,0,20000,200,0,0,,
2114061056,,,7E020300,驱逐ㄇ级Regular,驱逐ㄇ级,Regular,7e000000,0,20000,300,0,0,,
2114061312,,,7E020400,驱逐ㄈ级Regular,驱逐ㄈ级,Regular,7e000000,0,20000,400,0,0,,
2114126080,,,7E030100,轻巡ㄉ级Regular,轻巡ㄉ级,Regular,7e000000,0,30000,100,0,0,,
2114126336,,,7E030200,轻巡ㄊ级Regular,轻巡ㄊ级,Regular,7e000000,0,30000,200,0,0,,
2114134784,,,7E032300,雷巡ㄋ级Regular,雷巡ㄋ级,Regular,7e000000,0,32000,300,0,0,,
2114191616,,,7E040100,重巡ㄍ级Regular,重巡ㄍ级,Regular,7e000000,0,40000,100,0,0,,
2114208256,,,7E044200,航巡ㄎ级Regular,航巡ㄎ级,Regular,7e000000,0,44000,200,0,0,,
2114257152,,,7E050100,战舰ㄐ级Regular,战舰ㄐ级,Regular,7e000000,0,50000,100,0,0,,
2114265600,,,7E052200,战舰ㄑ级Regular,战舰ㄑ级,Regular,7e000000,0,52000,200,0,0,,
2114273536,,,7E054100,浮游要塞Regular,浮游要塞,Regular,7e000000,0,54000,100,0,0,,
2114322688,,,7E060100,空母ㄌ级Regular,空母ㄌ级,Regular,7e000000,0,60000,100,0,0,,
2114326784,,,7E061100,轻母ㄓ级Regular,轻母ㄓ级,Regular,7e000000,0,61000,100,0,0,,
2114327040,,,7E061200,轻母ㄔ级Regular,轻母ㄔ级,Regular,7e000000,0,61000,200,0,0,,
2114388224,,,7E070100,潜水ㄒ级Regular,潜水ㄒ级,Regular,7e000000,0,70000,100,0,0,,
2114519296,,,7E090100,输送ㄏ级Regular,输送ㄏ级,Regular,7e000000,0,90000,100,0,0,,
2114715904,,,7E0C0100,岸防炮台Regular,岸防炮台,Regular,7e000000,0,C0000,100,0,0,,
2114748672,,,7E0C8100,对空炮台Regular,对空炮台,Regular,7e000000,0,C8000,100,0,0,,
2116096256,,,7E211100,鱼雷艇Sch. Regular,鱼雷艇Sch. ,Regular,7e000000,200000,11000,100,0,0,,
2130772224,,,7F010100,海防ㄖ级,海防ㄖ级,,7f000000,0,10000,100,0,0,,
2130776320,,,7F011100,鱼雷艇,鱼雷艇,,7f000000,0,11000,100,0,0,,
2130837760,,,7F020100,驱逐ㄅ级,驱逐ㄅ级,,7f000000,0,20000,100,0,0,,
2130838016,,,7F020200,驱逐ㄆ级,驱逐ㄆ级,,7f000000,0,20000,200,0,0,,
2130838272,,,7F020300,驱逐ㄇ级,驱逐ㄇ级,,7f000000,0,20000,300,0,0,,
2130838528,,,7F020400,驱逐ㄈ级,驱逐ㄈ级,,7f000000,0,20000,400,0,0,,
2130903296,,,7F030100,轻巡ㄉ级,轻巡ㄉ级,,7f000000,0,30000,100,0,0,,
2130903552,,,7F030200,轻巡ㄊ级,轻巡ㄊ级,,7f000000,0,30000,200,0,0,,
2130912000,,,7F032300,雷巡ㄋ级,雷巡ㄋ级,,7f000000,0,32000,300,0,0,,
2130968832,,,7F040100,重巡ㄍ级,重巡ㄍ级,,7f000000,0,40000,100,0,0,,
2130985472,,,7F044200,航巡ㄎ级,航巡ㄎ级,,7f000000,0,44000,200,0,0,,
2131034368,,,7F050100,战舰ㄐ级,战舰ㄐ级,,7f000000,0,50000,100,0,0,,
2131042816,,,7F052200,战舰ㄑ级,战舰ㄑ级,,7f000000,0,52000,200,0,0,,
2131050752,,,7F054100,浮游要塞,浮游要塞,,7f000000,0,54000,100,0,0,,
2131099904,,,7F060100,空母ㄌ级,空母ㄌ级,,7f000000,0,60000,100,0,0,,
2131104000,,,7F061100,轻母ㄓ级,轻母ㄓ级,,7f000000,0,61000,100,0,0,,
2131104256,,,7F061200,轻母ㄔ级,轻母ㄔ级,,7f000000,0,61000,200,0,0,,
2131165440,,,7F070100,潜水ㄒ级,潜水ㄒ级,,7f000000,0,70000,100,0,0,,
2131296512,,,7F090100,输送ㄏ级,输送ㄏ级,,7f000000,0,90000,100,0,0,,
2131493120,,,7F0C0100,岸防炮台,岸防炮台,,7f000000,0,C0000,100,0,0,,
2131525888,,,7F0C8100,对空炮台,对空炮台,,7f000000,0,C8000,100,0,0,,
2132873472,,,7F211100,鱼雷艇Sch. ,鱼雷艇Sch. ,,7f000000,200000,11000,100,0,0,,
