OldNo.,No.,HEXNo.,ja_JP,shipclasstext,shipordertext,remodelstage,countryoforigin,shiptypeHEX,shipclassHEX,shiporder,remodel
408,169411328,0A190300,宗谷,耐氷型雑用運用艦,-,0a000000,100000,90000,300,0,0B190300
445,186188544,0B190300,宗谷(灯台補給船),-,LL01,0b000000,100000,90000,300,0,0C190300
450,202965760,0C190300,宗谷(南極観測船),-,PL107,0c000000,100000,90000,300,0,0A190300
322,253105920,0F161700,八幡丸,特設航空母艦,-,0f000000,100000,61000,700,0,10163702
321,253105921,0F161701,春日丸,春日丸級,1番艦,0f000000,100000,61000,700,1,10163701
317,269549825,10110101,占守,占守型,1番艦,10000000,100000,10000,100,1,20110101
318,269549826,10110102,国後,占守型,2番艦,10000000,100000,10000,100,2,20110102
384,269549827,10110103,八丈,占守型,3番艦,10000000,100000,10000,100,3,20110103
385,269549828,10110104,石垣,占守型,4番艦,10000000,100000,10000,100,4,20110104
334,269550081,10110201,択捉,択捉型,1番艦,10000000,100000,10000,200,1,20110201
335,269550082,10110202,松輪,択捉型,2番艦,10000000,100000,10000,200,2,20110202
339,269550083,10110203,佐渡,択捉型,3番艦,10000000,100000,10000,200,3,20110203
340,269550087,10110207,対馬,択捉型,7番艦,10000000,100000,10000,200,7,20110207
370,269550089,10110209,平戸,択捉型,9番艦,10000000,100000,10000,200,9,20110209
365,269550090,1011020A,福江,択捉型,10番艦,10000000,100000,10000,200,A,2011020A
351,269550337,10110301,日振,日振型,1番艦,10000000,100000,10000,300,1,20110301
352,269550338,10110302,大東,日振型,2番艦,10000000,100000,10000,300,2,20110302
495,269550339,10110303,昭南,日振型,3番艦,10000000,100000,10000,300,3,20110303
411,269550593,10110401,御蔵,御蔵型,1番艦,10000000,100000,10000,400,1,20110401
504,269550596,10110404,能美,御蔵型,4番艦,10000000,100000,10000,400,4,20110404
505,269550597,10110405,倉橋,御蔵型,5番艦,10000000,100000,10000,400,5,20110405
412,269550598,10110406,屋代,御蔵型,6番艦,10000000,100000,10000,400,6,20110406
521,269550849,10110501,鵜来,鵜来型,1番艦,10000000,100000,10000,500,1,20110501
522,269550860,1011050C,稲木,鵜来型,12番艦,10000000,100000,10000,500,C,2011050C
437,269551106,10110602,第四号海防艦,丁型海防艦,2番艦,10000000,100000,10000,600,2,20110602
498,269551115,1011060B,第二十二号海防艦,丁型海防艦,11番艦,10000000,100000,10000,600,B,2011060B
438,269551119,1011060F,第三〇号海防艦,丁型海防艦,15番艦,10000000,100000,10000,600,F,2011060F
271,269615361,10120101,神風,神風型,1番艦,10000000,100000,20000,100,1,20120101
272,269615362,10120102,朝風,神風型,2番艦,10000000,100000,20000,100,2,20120102
273,269615363,10120103,春風,神風型,3番艦,10000000,100000,20000,100,3,20120103
274,269615364,10120104,松風,神風型,4番艦,10000000,100000,20000,100,4,20120104
275,269615365,10120105,旗風,神風型,5番艦,10000000,100000,20000,100,5,20120105
31,269615873,10120301,睦月,睦月型,1番艦,10000000,100000,20000,300,1,20120301
32,269615874,10120302,如月,睦月型,2番艦,10000000,100000,20000,300,2,20120302
164,269615875,10120303,弥生,睦月型,3番艦,10000000,100000,20000,300,3,20120303
165,269615876,10120304,卯月,睦月型,4番艦,10000000,100000,20000,300,4,20120304
33,269615877,10120305,皐月,睦月型,5番艦,10000000,100000,20000,300,5,20120305
281,269615878,10120306,水無月,睦月型,6番艦,10000000,100000,20000,300,6,20120306
34,269615879,10120307,文月,睦月型,7番艦,10000000,100000,20000,300,7,20120307
35,269615880,10120308,長月,睦月型,8番艦,10000000,100000,20000,300,8,20120308
36,269615881,10120309,菊月,睦月型,9番艦,10000000,100000,20000,300,9,20120309
37,269615882,1012030A,三日月,睦月型,10番艦,10000000,100000,20000,300,A,2012130A
38,269615883,1012030B,望月,睦月型,11番艦,10000000,100000,20000,300,B,2012030B
11,269616129,10120401,吹雪,吹雪型,1番艦,10000000,100000,20000,400,1,20120401
12,269616130,10120402,白雪,吹雪型,2番艦,10000000,100000,20000,400,2,20120402
13,269616131,10120403,初雪,吹雪型,3番艦,10000000,100000,20000,400,3,20120403
14,269616132,10120404,深雪,吹雪型,4番艦,10000000,100000,20000,400,4,20120404
15,269616133,10120405,叢雲,吹雪型,5番艦,10000000,100000,20000,400,5,20120405
431,269616135,10120407,薄雲,吹雪型,7番艦,10000000,100000,20000,400,7,20120407
564,269616136,10120408,白雲,吹雪型,8番艦,10000000,100000,20000,400,8,20120408
16,269616137,10120409,磯波,吹雪型,9番艦,10000000,100000,20000,400,9,20120409
286,269616138,1012040A,浦波,吹雪型,10番艦,10000000,100000,20000,400,A,2012040A
17,269616145,10120411,綾波,綾波型,1番艦,10000000,100000,20000,410,1,20120411
18,269616146,10120412,敷波,綾波型,2番艦,10000000,100000,20000,410,2,20120412
279,269616149,10120415,天霧,綾波型,5番艦,10000000,100000,20000,410,5,20120415
280,269616150,10120416,狭霧,綾波型,6番艦,10000000,100000,20000,410,6,20120416
67,269616151,10120417,朧,綾波型,7番艦,10000000,100000,20000,410,7,20120417
68,269616152,10120418,曙,綾波型,8番艦,10000000,100000,20000,410,8,20120418
69,269616153,10120419,漣,綾波型,9番艦,10000000,100000,20000,410,9,20120419
70,269616154,1012041A,潮,綾波型,10番艦,10000000,100000,20000,410,A,2012041A
71,269616161,10120421,暁,暁型,1番艦,10000000,100000,20000,420,1,20120421
72,269616162,10120422,響,暁型,2番艦,10000000,100000,20000,420,2,20120422
73,269616163,10120423,雷,暁型,3番艦,10000000,100000,20000,420,3,20120423
74,269616164,10120424,電,暁型,4番艦,10000000,100000,20000,420,4,20120424
75,269616385,10120501,初春,初春型,1番艦,10000000,100000,20000,500,1,20120501
76,269616386,10120502,子日,初春型,2番艦,10000000,100000,20000,500,2,20120502
77,269616387,10120503,若葉,初春型,3番艦,10000000,100000,20000,500,3,20120503
78,269616388,10120504,初霜,初春型,4番艦,10000000,100000,20000,500,4,20120504
432,269616389,10120505,有明,初春型,5番艦,10000000,100000,20000,500,5,20121505
433,269616390,10120506,夕暮,初春型,6番艦,10000000,100000,20000,500,6,20121506
79,269616641,10120601,白露,白露型,1番艦,10000000,100000,20000,600,1,20120601
80,269616642,10120602,時雨,白露型,2番艦,10000000,100000,20000,600,2,20120602
81,269616643,10120603,村雨,白露型,3番艦,10000000,100000,20000,600,3,20120603
82,269616644,10120604,夕立,白露型,4番艦,10000000,100000,20000,600,4,20120604
205,269616645,10120605,春雨,白露型,5番艦,10000000,100000,20000,600,5,20120605
83,269616646,10120606,五月雨,白露型,6番艦,10000000,100000,20000,600,6,20120606
258,269616647,10120607,海風,白露型,7番艦,10000000,100000,20000,600,7,20120607
257,269616648,10120608,山風,白露型,8番艦,10000000,100000,20000,600,8,20120608
259,269616649,10120609,江風,白露型,9番艦,10000000,100000,20000,600,9,20120609
84,269616650,1012060A,涼風,白露型,10番艦,10000000,100000,20000,600,A,2012060A
85,269616897,10120701,朝潮,朝潮型,1番艦,10000000,100000,20000,700,1,20120701
86,269616898,10120702,大潮,朝潮型,2番艦,10000000,100000,20000,700,2,20120702
87,269616899,10120703,満潮,朝潮型,3番艦,10000000,100000,20000,700,3,20120703
88,269616900,10120704,荒潮,朝潮型,4番艦,10000000,100000,20000,700,4,20120704
213,269616901,10120705,朝雲,朝潮型,5番艦,10000000,100000,20000,700,5,20120705
214,269616902,10120706,山雲,朝潮型,6番艦,10000000,100000,20000,700,6,20120706
45438,269616903,20120707,夏雲改,朝潮型,7番艦,20000000,100000,20000,700,7,0
382,269616903,10120707,夏雲,朝潮型,7番艦,10000000,100000,20000,700,7,20120707
383,269616904,10120708,峯雲,朝潮型,8番艦,10000000,100000,20000,700,8,20120708
89,269616905,10120709,霰,朝潮型,9番艦,10000000,100000,20000,700,9,20120709
90,269616906,1012070A,霞,朝潮型,10番艦,10000000,100000,20000,700,A,2012070A
91,269617153,10120801,陽炎,陽炎型,1番艦,10000000,100000,20000,800,1,20120801
92,269617154,10120802,不知火,陽炎型,2番艦,10000000,100000,20000,800,2,20120802
93,269617155,10120803,黒潮,陽炎型,3番艦,10000000,100000,20000,800,3,20120803
256,269617156,10120804,親潮,陽炎型,4番艦,10000000,100000,20000,800,4,20120804
486,269617157,10120805,早潮,陽炎型,5番艦,10000000,100000,20000,800,5,20121805
118,269617159,10120807,初風,陽炎型,7番艦,10000000,100000,20000,800,7,20120807
5,269617160,10120808,雪風,陽炎型,8番艦,10000000,100000,20000,800,8,20120808
181,269617161,10120809,天津風,陽炎型,9番艦,10000000,100000,20000,800,9,20120809
186,269617162,1012080A,時津風,陽炎型,10番艦,10000000,100000,20000,800,A,2012080A
168,269617163,1012080B,浦風,陽炎型,11番艦,10000000,100000,20000,800,B,2012080B
167,269617164,1012080C,磯風,陽炎型,12番艦,10000000,100000,20000,800,C,2012080C
170,269617165,1012080D,浜風,陽炎型,13番艦,10000000,100000,20000,800,D,2012080D
169,269617166,1012080E,谷風,陽炎型,14番艦,10000000,100000,20000,800,E,2012080E
215,269617167,1012080F,野分,陽炎型,15番艦,10000000,100000,20000,800,F,2012080F
254,269617168,10120810,嵐,陽炎型,16番艦,10000000,100000,20000,800,10,20120810
255,269617169,10120811,萩風,陽炎型,17番艦,10000000,100000,20000,800,11,20120811
119,269617170,10120812,舞風,陽炎型,18番艦,10000000,100000,20000,800,12,20120812
132,269617171,10120813,秋雲,陽炎型,19番艦,10000000,100000,20000,800,13,20120813
133,269617409,10120901,夕雲,夕雲型,1番艦,10000000,100000,20000,900,1,20120901
134,269617410,10120902,巻雲,夕雲型,2番艦,10000000,100000,20000,900,2,20120902
253,269617411,10120903,風雲,夕雲型,3番艦,10000000,100000,20000,900,3,20120903
135,269617412,10120904,長波,夕雲型,4番艦,10000000,100000,20000,900,4,20120904
471,269617413,10120905,巻波,夕雲型,5番艦,10000000,100000,20000,900,5,20120905
224,269617414,10120906,高波,夕雲型,6番艦,10000000,100000,20000,900,6,20120906
474,269617417,10120909,玉波,夕雲型,9番艦,10000000,100000,20000,900,9,20121909
475,269617418,1012090A,涼波,夕雲型,10番艦,10000000,100000,20000,900,A,2012090A
285,269617419,1012090B,藤波,夕雲型,11番艦,10000000,100000,20000,900,B,2012090B
328,269617420,1012090C,早波,夕雲型,12番艦,10000000,100000,20000,900,C,2012090C
284,269617421,1012090D,浜波,夕雲型,13番艦,10000000,100000,20000,900,D,2012090D
252,269617422,1012090E,沖波,夕雲型,14番艦,10000000,100000,20000,900,E,2012090E
327,269617423,1012090F,岸波,夕雲型,15番艦,10000000,100000,20000,900,F,2012090F
225,269617424,10120910,朝霜,夕雲型,16番艦,10000000,100000,20000,900,10,20120910
209,269617425,10120911,早霜,夕雲型,17番艦,10000000,100000,20000,900,11,20120911
425,269617426,10120912,秋霜,夕雲型,18番艦,10000000,100000,20000,900,12,20120912
210,269617427,10120913,清霜,夕雲型,19番艦,10000000,100000,20000,900,13,20120913
10,269617665,10120A01,島風,島風型,1番艦,10000000,100000,20000,A00,1,20120A01
221,269617921,10120B01,秋月,秋月型,1番艦,10000000,100000,20000,B00,1,20124B01
222,269617922,10120B02,照月,秋月型,2番艦,10000000,100000,20000,B00,2,20124B02
332,269617923,10120B03,涼月,秋月型,3番艦,10000000,100000,20000,B00,3,20124B03
223,269617924,10120B04,初月,秋月型,4番艦,10000000,100000,20000,B00,4,20124B04
333,269617928,10120B08,冬月,秋月型,8番艦,10000000,100000,20000,B00,8,20124B08
441,269618177,10120C01,松,松型,1番艦,10000000,100000,20000,C00,1,20120C01
442,269618178,10120C02,竹,松型,2番艦,10000000,100000,20000,C00,2,20120C02
443,269618179,10120C03,梅,松型,3番艦,10000000,100000,20000,C00,3,20120C04
444,269618180,10120C04,桃,松型,4番艦,10000000,100000,20000,C00,4,20121C03
28,269680897,10130101,天龍,天龍型,1番艦,10000000,100000,30000,100,1,20130101
29,269680898,10130102,龍田,天龍型,2番艦,10000000,100000,30000,100,2,20130102
39,269681153,10130201,球磨,球磨型,1番艦,10000000,100000,30000,200,1,20130201
40,269681154,10130202,多摩,球磨型,2番艦,10000000,100000,30000,200,2,20130202
20,269681155,10130203,北上,球磨型,3番艦,10000000,100000,30000,200,3,20132203
19,269681156,10130204,大井,球磨型,4番艦,10000000,100000,30000,200,4,20132204
41,269681157,10130205,木曾,球磨型,5番艦,10000000,100000,30000,200,5,20130205
42,269681409,10130301,長良,長良型,1番艦,10000000,100000,30000,300,1,20130301
43,269681410,10130302,五十鈴,長良型,2番艦,10000000,100000,30000,300,2,20130302
44,269681411,10130303,名取,長良型,3番艦,10000000,100000,30000,300,3,20130303
45,269681412,10130304,由良,長良型,4番艦,10000000,100000,30000,300,4,20130304
109,269681413,10130305,鬼怒,長良型,5番艦,10000000,100000,30000,300,5,20130305
110,269681414,10130306,阿武隈,長良型,6番艦,10000000,100000,30000,300,6,20130306
46,269681665,10130401,川内,川内型,1番艦,10000000,100000,30000,400,1,20130401
47,269681666,10130402,神通,川内型,2番艦,10000000,100000,30000,400,2,20130402
48,269681667,10130403,那珂,川内型,3番艦,10000000,100000,30000,400,3,20130403
111,269681921,10130501,夕張,夕張型,1番艦,10000000,100000,30000,500,1,20130501
137,269682177,10130601,阿賀野,阿賀野型,1番艦,10000000,100000,30000,600,1,20134601
138,269682178,10130602,能代,阿賀野型,2番艦,10000000,100000,30000,600,2,20134602
139,269682179,10130603,矢矧,阿賀野型,3番艦,10000000,100000,30000,600,3,20134603
140,269682180,10130604,酒匂,阿賀野型,4番艦,10000000,100000,30000,600,4,20134604
183,269682433,10130701,大淀,大淀型,1番艦,10000000,100000,30000,700,1,20130701
553,269684994,10131102,朝日,改敷島型,2番艦,10000000,100000,31000,100,2,201B0202
154,269685249,10131201,香取,香取型,1番艦,10000000,100000,31000,200,1,20131201
265,269685250,10131202,鹿島,香取型,2番艦,10000000,100000,31000,200,2,20131202
184,269701377,10135101,大鯨,大鯨型,1番艦,10000000,100000,35000,100,1,10161301
434,269701633,10135201,迅鯨,迅鯨型,1番艦,10000000,100000,35000,200,1,20135201
435,269701634,10135202,長鯨,迅鯨型,2番艦,10000000,100000,35000,200,2,20135202
544,269701891,10135303,平安丸,改氷川丸級,3番艦,10000000,100000,35000,300,3,20135303
52,269746433,10140101,古鷹,古鷹型,1番艦,10000000,100000,40000,100,1,20140101
53,269746434,10140102,加古,古鷹型,2番艦,10000000,100000,40000,100,2,20140102
54,269746689,10140201,青葉,青葉型,1番艦,10000000,100000,40000,200,1,20140201
120,269746690,10140202,衣笠,青葉型,2番艦,10000000,100000,40000,200,2,20140202
55,269746945,10140301,妙高,妙高型,1番艦,10000000,100000,40000,300,1,20140301
56,269746946,10140302,那智,妙高型,2番艦,10000000,100000,40000,300,2,20140302
57,269746947,10140303,足柄,妙高型,3番艦,10000000,100000,40000,300,3,20140303
58,269746948,10140304,羽黒,妙高型,4番艦,10000000,100000,40000,300,4,20140304
59,269747201,10140401,高雄,高雄型,1番艦,10000000,100000,40000,400,1,20140401
60,269747202,10140402,愛宕,高雄型,2番艦,10000000,100000,40000,400,2,20140402
61,269747203,10140403,摩耶,高雄型,3番艦,10000000,100000,40000,400,3,20140403
62,269747204,10140404,鳥海,高雄型,4番艦,10000000,100000,40000,400,4,20140404
51,269747457,10140501,最上,最上型,1番艦,10000000,100000,40000,500,1,20144501
116,269747458,10140502,三隈,最上型,2番艦,10000000,100000,40000,500,2,20144502
124,269747459,10140503,鈴谷,最上型,3番艦,10000000,100000,40000,500,3,20144503
125,269747460,10140504,熊野,最上型,4番艦,10000000,100000,40000,500,4,20144504
63,269747713,10140601,利根,利根型,1番艦,10000000,100000,40000,600,1,20140601
64,269747714,10140602,筑摩,利根型,2番艦,10000000,100000,40000,600,2,20140602
26,269811969,10150101,扶桑,扶桑型,1番艦,10000000,100000,50000,100,1,20154101
27,269811970,10150102,山城,扶桑型,2番艦,10000000,100000,50000,100,2,20154102
3,269812225,10150201,伊勢,伊勢型,1番艦,10000000,100000,50000,200,1,20154201
4,269812226,10150202,日向,伊勢型,2番艦,10000000,100000,50000,200,2,20154202
1,269812481,10150301,長門,長門型,1番艦,10000000,100000,50000,300,1,20150301
2,269812482,10150302,陸奥,長門型,2番艦,10000000,100000,50000,300,2,20150302
131,269812737,10150401,大和,大和型,1番艦,10000000,100000,50000,400,1,20150401
143,269812738,10150402,武蔵,大和型,2番艦,10000000,100000,50000,400,2,20150402
21,269816065,10151101,金剛,金剛型,1番艦,10000000,100000,51000,100,1,20151101
22,269816066,10151102,比叡,金剛型,2番艦,10000000,100000,51000,100,2,20151102
23,269816067,10151103,榛名,金剛型,3番艦,10000000,100000,51000,100,3,20151103
24,269816068,10151104,霧島,金剛型,4番艦,10000000,100000,51000,100,4,20151104
6,269877505,10160101,赤城,赤城型,1番艦,10000000,100000,60000,100,1,20160101
7,269877521,10160111,加賀,加賀型,1番艦,10000000,100000,60000,110,1,20160111
8,269877761,10160201,蒼龍,蒼龍型,1番艦,10000000,100000,60000,200,1,20160201
9,269877777,10160211,飛龍,飛龍型,1番艦,10000000,100000,60000,210,1,20160211
106,269878017,10160301,翔鶴,翔鶴型,1番艦,10000000,100000,60000,300,1,20160301
107,269878018,10160302,瑞鶴,翔鶴型,2番艦,10000000,100000,60000,300,2,20160302
201,269878273,10160401,雲龍,雲龍型,1番艦,10000000,100000,60000,400,1,20160401
202,269878274,10160402,天城,雲龍型,2番艦,10000000,100000,60000,400,2,20160402
203,269878275,10160403,葛城,雲龍型,3番艦,10000000,100000,60000,400,3,20160403
25,269881601,10161101,鳳翔,鳳翔型,1番艦,10000000,100000,61000,100,1,20161101
30,269881857,10161201,龍驤,龍驤型,1番艦,10000000,100000,61000,200,1,20161201
185,269882113,10161301,龍鳳,龍鳳型,1番艦,10000000,100000,61000,300,1,20161301
94,269882369,10161401,祥鳳,祥鳳型,1番艦,10000000,100000,61000,400,1,20161401
112,269882370,10161402,瑞鳳,祥鳳型,2番艦,10000000,100000,61000,400,2,20161402
65,269882625,10161501,飛鷹,飛鷹型,1番艦,10000000,100000,61000,500,1,20161501
66,269882626,10161502,隼鷹,飛鷹型,2番艦,10000000,100000,61000,500,2,20161502
104,269882881,10161601,千歳航,千歳型,1番艦,10000000,100000,61000,600,1,20161601
105,269882882,10161602,千代田航,千歳型,2番艦,10000000,100000,61000,600,2,20161602
326,269891329,10163701,大鷹,大鷹型,1番艦,10000000,100000,63000,700,1,20163701
484,269891330,10163702,雲鷹,大鷹型,2番艦,10000000,100000,63000,700,2,20163702
324,269891332,10163704,神鷹,大鷹型,4番艦,10000000,100000,63000,700,4,20163704
153,269894913,10164501,大鳳,大鳳型,1番艦,10000000,100000,64000,500,1,20164501
126,269943041,10170101,伊168,海大VI型,1番艦,10000000,100000,70000,100,1,20170101
128,269943298,10170202,伊8,巡潜3型,2番艦,10000000,100000,70000,200,2,20174202
123,269943811,10170403,伊19,巡潜乙型,3番艦,10000000,100000,70000,400,3,20174403
283,269943815,10170407,伊26,巡潜乙型,7番艦,10000000,100000,70000,400,7,20174407
571,269943825,10170411,伊36,巡潜乙型,17番艦,10000000,100000,70000,400,11,20170411
572,269943874,10170442,伊41,巡潜乙型改一,2番艦,10000000,100000,70000,440,2,20170442
127,269943939,10170483,伊58,巡潜乙型改二,3番艦,10000000,100000,70000,480,3,20174483
436,269944071,10170507,伊47,巡潜丙型,7番艦,10000000,100000,70000,500,7,20170507
481,269944577,10170701,伊201,潜高型,1番艦,10000000,100000,70000,700,1,20170701
482,269944579,10170703,伊203,潜高型,3番艦,10000000,100000,70000,700,3,20170703
236,269944843,1017080B,呂500,呂号潜水艦,-,10000000,100000,70000,800,B,0
330,269945092,10170904,伊504,Guglielmo Marconi級,4番艦,10000000,100000,70000,900,4,0
540,269945098,1017090A,伊503,Marcello級,10番艦,10000000,100000,70000,900,A,0
163,269946624,10170F00,まるゆ,三式潜航輸送艇,-,10000000,100000,70000,F00,0,20170F00
294,269959937,10174301,伊13,巡潜甲型改二,1番艦,10000000,100000,74000,300,1,20174301
295,269959938,10174302,伊14,巡潜甲型改二,2番艦,10000000,100000,74000,300,2,20174302
293,269960705,10174601,伊400,潜特型(伊400型潜水艦),1番艦,10000000,100000,74000,600,1,20174601
155,269960706,10174602,伊401,潜特型(伊400型潜水艦),2番艦,10000000,100000,74000,600,2,20174602
245,270009601,10180501,秋津洲,秋津洲型,1番艦,10000000,100000,80000,500,1,20180501
49,270017025,10182201,千歳,千歳型,1番艦,10000000,100000,82000,200,1,20182201
50,270017026,10182202,千代田,千歳型,2番艦,10000000,100000,82000,200,2,20182202
251,270017281,10182301,瑞穂,瑞穂型,1番艦,10000000,100000,82000,300,1,20182301
381,270017537,10182401,日進,日進型,1番艦,10000000,100000,82000,400,1,20182401
260,270074113,10190101,速吸,改風早型,1番艦,10000000,100000,90000,100,1,20190101
162,270074369,10190201,神威,神威型,1番艦,10000000,100000,90000,200,1,20180101
500,270074882,10190402,山汐丸,特2TL型,2番艦,10000000,100000,90000,400,2,20190402
161,270139648,101A0100,あきつ丸,特種船丙型,-,10000000,100000,A0000,100,0,201A0100
421,270139904,101A0200,神州丸,陸軍特種船(R1),-,10000000,100000,A0000,200,0,201A0200
545,270140161,101A0301,第百一号輸送艦,二等輸送艦,1番艦,10000000,100000,A0000,300,1,201A0301
543,270140416,101A0400,熊野丸,特種船M丙型,-,10000000,100000,A0000,400,0,201A0400
182,270205184,101B0100,明石,明石型,-,10000000,100000,B0000,100,0,201B0100
174,270665473,10220701,Z1,Z1型,1番艦,10000000,200000,20000,700,1,20220701
175,270665475,10220703,Z3,Z1型,3番艦,10000000,200000,20000,700,3,20220703
176,270796803,10240803,Prinz Eugen,Admiral Hipper級,3番艦,10000000,200000,40000,800,3,20240803
171,270870529,10252801,Bismarck,Bismarck級,1番艦,10000000,200000,52000,800,1,20252801
232,270927873,10260801,Graf Zeppelin,Graf Zeppelin級,1番艦,10000000,200000,60000,800,1,20260801
231,270992139,1027030B,U-511,UボートIXC型,-,10000000,200000,70000,300,B,2027030B
329,270993156,10270704,UIT-25,Guglielmo Marconi級,4番艦,10000000,200000,70000,700,4,10170904
539,270993162,1027070A,UIT-24,Marcello級,10番艦,10000000,200000,70000,700,A,1017090A
375,271713537,10320501,Maestrale,Maestrale級,1番艦,10000000,300000,20000,500,1,20320501
414,271713538,10320502,Grecale,Maestrale級,2番艦,10000000,300000,20000,500,2,20320502
243,271713539,10320503,Libeccio,Maestrale級,3番艦,10000000,300000,20000,500,3,20320503
453,271713540,10320504,Scirocco,Maestrale級,4番艦,10000000,300000,20000,500,4,20320504
389,271779585,10330701,L.d.S.D.d.Abruzzi,L.d.S.D.d.Abruzzi級,1番艦,10000000,300000,30000,700,1,20330701
390,271779586,10330702,G.Garibaldi,L.d.S.D.d.Abruzzi級,2番艦,10000000,300000,30000,700,2,20330702
248,271845121,10340701,Zara,Zara級,1番艦,10000000,300000,40000,700,1,20340701
249,271845123,10340703,Pola,Zara級,3番艦,10000000,300000,40000,700,3,20340703
477,271914241,10351501,Conte di Cavour,Conte di Cavour級,1番艦,10000000,300000,51000,500,1,20351501
241,271919106,10352802,Littorio,V.Veneto級,2番艦,10000000,300000,52000,800,2,20352802
242,271919108,10352804,Roma,V.Veneto級,4番艦,10000000,300000,52000,800,4,20352804
244,271976449,10360801,Aquila,Aquila級,1番艦,10000000,300000,60000,800,1,20360801
325,272041732,10370704,Luigi Torelli,Guglielmo Marconi級,4番艦,10000000,300000,70000,700,4,20370704
534,272041738,1037070A,C.Cappellini,Marcello級,10番艦,10000000,300000,70000,700,A,2037070A
361,272701514,1041184A,Samuel B.Roberts,John C.Butler級,DE-413,10000000,400000,11000,800,4A,2041184A
396,272762880,10420800,Fletcher,Fletcher級,DD-445,10000000,400000,20000,800,0,20420800
362,272762992,10420870,Johnston,Fletcher級,DD-557,10000000,400000,20000,800,70,20420870
541,272763098,104208DA,Heywood L.E.,Fletcher級,DD-663,10000000,400000,20000,800,DA,204208DA
497,272828161,10430701,Brooklyn,Brooklyn級,1番艦,10000000,400000,30000,700,1,20430701
398,272828167,10430707,Honolulu,Brooklyn級,7番艦,10000000,400000,30000,700,7,20430707
415,272828290,10430782,Helena,St.Louis級,2番艦,10000000,400000,30000,780,2,20430782
397,272861185,10438801,Atlanta,Atlanta級,1番艦,10000000,400000,38000,800,1,20438801
455,272893441,10440601,Northampton,Northampton級,1番艦,10000000,400000,40000,600,1,20440601
395,272893445,10440605,Houston,Northampton級,5番艦,10000000,400000,40000,600,5,20440605
523,272893700,10440704,Tuscaloosa,New Orleans級,4番艦,10000000,400000,40000,700,4,20440704
524,272958977,10450601,Nevada,Nevada級,1番艦,10000000,400000,50000,600,1,20450601
401,272959233,10450701,Colorado,Colorado級,1番艦,10000000,400000,50000,700,1,20450701
513,272959234,10450702,Maryland,Colorado級,2番艦,10000000,400000,50000,700,2,20450702
454,272967682,10452802,Washington,North Carolina級,2番艦,10000000,400000,52000,800,2,20452802
402,272967809,10452881,South Dakota,South Dakota級,1番艦,10000000,400000,52000,880,1,20452881
533,272967811,10452883,Massachusetts,South Dakota級,3番艦,10000000,400000,52000,880,3,20452883
240,272967937,10452901,Iowa,Iowa級,1番艦,10000000,400000,52000,900,1,20452901
233,273025026,10460802,Saratoga,Lexington級,2番艦,10000000,400000,60000,800,2,20460802
531,273025153,10460881,Ranger,Ranger級,1番艦,10000000,400000,60000,880,1,20480881
403,273025283,10460903,Hornet,Yorktown級,3番艦,10000000,400000,60000,900,3,20460903
349,273025541,10460A05,Intrepid,Essex級,5番艦,10000000,400000,60000,A00,5,20460A05
344,273036563,10463513,Gambier Bay,Casablanca級,19番艦,10000000,400000,63000,500,13,20463513
525,273036806,10463606,Langley,Independence級,6番艦,10000000,400000,63000,600,6,20463606
491,273090560,10470800,Salmon,Salmon級,SS-182,10000000,400000,70000,800,0,20470800
492,273091088,10470A10,Drum,Gato級,SS-228,10000000,400000,70000,A00,10,20470A10
493,273091137,10470A41,Scamp,Gato級,SS-277,10000000,400000,70000,A00,41,20470A41
319,273811201,10520701,Jervis,J級,1番艦,10000000,500000,20000,700,1,20520701
320,273811205,10520705,Janus,J級,5番艦,10000000,500000,20000,700,5,20520705
501,273811206,10520706,Javelin,J級,6番艦,10000000,500000,20000,700,6,20520706
314,273876741,10530705,Sheffield,Town級,5番艦,10000000,500000,30000,700,5,20530705
239,274007554,10550602,Warspite,Queen Elizabeth級,2番艦,10000000,500000,50000,600,2,20550602
371,274007809,10550701,Nelson,Nelson級,1番艦,10000000,500000,50000,700,1,20550701
372,274007810,10550702,Rodney,Nelson級,2番艦,10000000,500000,50000,700,2,20550702
315,274073089,10560601,Ark Royal,Ark Royal級,1番艦,10000000,500000,60000,600,1,20560601
485,274089986,10564802,Victorious,Illustrious級,2番艦,10000000,500000,64000,800,2,20564802
292,275065089,10652901,Richelieu,Richelieu級,1番艦,10000000,600000,52000,900,1,20652901
535,275065090,10652902,Jean Bart,Richelieu級,2番艦,10000000,600000,52000,900,2,20652902
291,275252481,10680501,Commandant Teste,C.Teste級,1番艦,10000000,600000,80000,500,1,20680501
313,275941633,10728901,Ташкент,Ташкент級,1番艦,10000000,700000,28000,900,1,20728901
311,276108289,10751401,Гангут,Гангут級,1番艦,10000000,700000,51000,400,1,20751401
399,278070273,10930401,De Ruyter,De Ruyter級,1番艦,10000000,900000,30000,400,1,20930401
374,279136257,10A34801,Gotland,Gotland級,1番艦,10000000,A00000,34000,800,1,20A30801
413,280167937,10B30601,Perth,Perth級,1番艦,10000000,B00000,30000,600,1,20B30601
45373,537985281,20110101,占守改,占守型,1番艦,20000000,100000,10000,100,1,0
45374,537985282,20110102,国後改,占守型,2番艦,20000000,100000,10000,100,2,0
45440,537985283,20110103,八丈改,占守型,3番艦,20000000,100000,10000,100,3,0
45441,537985284,20110104,石垣改,占守型,4番艦,20000000,100000,10000,100,4,0
45390,537985537,20110201,択捉改,択捉型,1番艦,20000000,100000,10000,200,1,0
45391,537985538,20110202,松輪改,択捉型,2番艦,20000000,100000,10000,200,2,0
45395,537985539,20110203,佐渡改,択捉型,3番艦,20000000,100000,10000,200,3,0
45396,537985543,20110207,対馬改,択捉型,7番艦,20000000,100000,10000,200,7,0
45426,537985545,20110209,平戸改,択捉型,9番艦,20000000,100000,10000,200,9,0
45421,537985546,2011020A,福江改,択捉型,10番艦,20000000,100000,10000,200,A,0
45407,537985793,20110301,日振改,日振型,1番艦,20000000,100000,10000,300,1,0
45408,537985794,20110302,大東改,日振型,2番艦,20000000,100000,10000,300,2,0
416,537986049,20110401,御蔵改,御蔵型,1番艦,20000000,100000,10000,400,1,0
509,537986052,20110404,能美改,御蔵型,4番艦,20000000,100000,10000,400,4,0
510,537986053,20110405,倉橋改,御蔵型,5番艦,20000000,100000,10000,400,5,0
417,537986054,20110406,屋代改,御蔵型,6番艦,20000000,100000,10000,400,6,0
526,537986305,20110501,鵜来改,鵜来型,1番艦,20000000,100000,10000,500,1,0
45493,537986562,20110602,第四号海防艦改,丁型海防艦,2番艦,20000000,100000,10000,600,2,0
45494,537986575,2011060F,第三〇号海防艦改,丁型海防艦,15番艦,20000000,100000,10000,600,F,0
276,538050817,20120101,神風改,神風型,1番艦,20000000,100000,20000,100,1,0
45328,538050818,20120102,朝風改,神風型,2番艦,20000000,100000,20000,100,2,0
45329,538050819,20120103,春風改,神風型,3番艦,20000000,100000,20000,100,3,0
45330,538050820,20120104,松風改,神風型,4番艦,20000000,100000,20000,100,4,0
45331,538050821,20120105,旗風改,神風型,5番艦,20000000,100000,20000,100,5,0
45087,538051329,20120301,睦月改,睦月型,1番艦,20000000,100000,20000,300,1,30121301
45088,538051330,20120302,如月改,睦月型,2番艦,20000000,100000,20000,300,2,30121302
45220,538051331,20120303,弥生改,睦月型,3番艦,20000000,100000,20000,300,3,0
45221,538051332,20120304,卯月改,睦月型,4番艦,20000000,100000,20000,300,4,0
45089,538051333,20120305,皐月改,睦月型,5番艦,20000000,100000,20000,300,5,30123305
45337,538051334,20120306,水無月改,睦月型,6番艦,20000000,100000,20000,300,6,0
45090,538051335,20120307,文月改,睦月型,7番艦,20000000,100000,20000,300,7,30123307
45091,538051336,20120308,長月改,睦月型,8番艦,20000000,100000,20000,300,8,0
45092,538051337,20120309,菊月改,睦月型,9番艦,20000000,100000,20000,300,9,0
45094,538051339,2012030B,望月改,睦月型,11番艦,20000000,100000,20000,300,B,0
45067,538051585,20120401,吹雪改,吹雪型,1番艦,20000000,100000,20000,400,1,30120401
45068,538051586,20120402,白雪改,吹雪型,2番艦,20000000,100000,20000,400,2,0
45069,538051587,20120403,初雪改,吹雪型,3番艦,20000000,100000,20000,400,3,0
45070,538051588,20120404,深雪改,吹雪型,4番艦,20000000,100000,20000,400,4,30121404
45071,538051589,20120405,叢雲改,吹雪型,5番艦,20000000,100000,20000,400,5,30120405
45487,538051591,20120407,薄雲改,吹雪型,7番艦,20000000,100000,20000,400,7,0
45620,538051592,20120408,白雲改,吹雪型,8番艦,20000000,100000,20000,400,8,0
45072,538051593,20120409,磯波改,吹雪型,9番艦,20000000,100000,20000,400,9,30123409
45342,538051594,2012040A,浦波改,吹雪型,10番艦,20000000,100000,20000,400,A,3012340A
45073,538051601,20120411,綾波改,綾波型,1番艦,20000000,100000,20000,410,1,30120411
45074,538051602,20120412,敷波改,綾波型,2番艦,20000000,100000,20000,410,2,30120412
45335,538051605,20120415,天霧改,綾波型,5番艦,20000000,100000,20000,410,5,30120415
45336,538051606,20120416,狭霧改,綾波型,6番艦,20000000,100000,20000,410,6,0
45123,538051607,20120417,朧改,綾波型,7番艦,20000000,100000,20000,410,7,0
45124,538051608,20120418,曙改,綾波型,8番艦,20000000,100000,20000,410,8,30120418
45125,538051609,20120419,漣改,綾波型,9番艦,20000000,100000,20000,410,9,0
45126,538051610,2012041A,潮改,綾波型,10番艦,20000000,100000,20000,410,A,3012041A
45127,538051617,20120421,暁改,暁型,1番艦,20000000,100000,20000,420,1,30120421
45128,538051618,20120422,響改,暁型,2番艦,20000000,100000,20000,420,2,30720422
45129,538051619,20120423,雷改,暁型,3番艦,20000000,100000,20000,420,3,0
45130,538051620,20120424,電改,暁型,4番艦,20000000,100000,20000,420,4,0
45131,538051841,20120501,初春改,初春型,1番艦,20000000,100000,20000,500,1,30120501
45132,538051842,20120502,子日改,初春型,2番艦,20000000,100000,20000,500,2,0
45133,538051843,20120503,若葉改,初春型,3番艦,20000000,100000,20000,500,3,0
45134,538051844,20120504,初霜改,初春型,4番艦,20000000,100000,20000,500,4,30121504
45135,538052097,20120601,白露改,白露型,1番艦,20000000,100000,20000,600,1,30122601
45136,538052098,20120602,時雨改,白露型,2番艦,20000000,100000,20000,600,2,30120602
45137,538052099,20120603,村雨改,白露型,3番艦,20000000,100000,20000,600,3,30121603
45138,538052100,20120604,夕立改,白露型,4番艦,20000000,100000,20000,600,4,30120604
45261,538052101,20120605,春雨改,白露型,5番艦,20000000,100000,20000,600,5,0
45139,538052102,20120606,五月雨改,白露型,6番艦,20000000,100000,20000,600,6,0
45314,538052103,20120607,海風改,白露型,7番艦,20000000,100000,20000,600,7,30123601
45313,538052104,20120608,山風改,白露型,8番艦,20000000,100000,20000,600,8,30122602
45315,538052105,20120609,江風改,白露型,9番艦,20000000,100000,20000,600,9,30121609
45140,538052106,2012060A,涼風改,白露型,10番艦,20000000,100000,20000,600,A,0
45141,538052353,20120701,朝潮改,朝潮型,1番艦,20000000,100000,20000,700,1,30120701
45142,538052354,20120702,大潮改,朝潮型,2番艦,20000000,100000,20000,700,2,30123702
45143,538052355,20120703,満潮改,朝潮型,3番艦,20000000,100000,20000,700,3,30123703
45144,538052356,20120704,荒潮改,朝潮型,4番艦,20000000,100000,20000,700,4,30123704
45269,538052357,20120705,朝雲改,朝潮型,5番艦,20000000,100000,20000,700,5,0
45270,538052358,20120706,山雲改,朝潮型,6番艦,20000000,100000,20000,700,6,0
45439,538052360,20120708,峯雲改,朝潮型,8番艦,20000000,100000,20000,700,8,0
45145,538052361,20120709,霰改,朝潮型,9番艦,20000000,100000,20000,700,9,30123709
45146,538052362,2012070A,霞改,朝潮型,10番艦,20000000,100000,20000,700,A,3012370A
45147,538052609,20120801,陽炎改,陽炎型,1番艦,20000000,100000,20000,800,1,30124801
45148,538052610,20120802,不知火改,陽炎型,2番艦,20000000,100000,20000,800,2,30124802
45149,538052611,20120803,黒潮改,陽炎型,3番艦,20000000,100000,20000,800,3,30126803
45312,538052612,20120804,親潮改,陽炎型,4番艦,20000000,100000,20000,800,4,30126804
45174,538052615,20120807,初風改,陽炎型,7番艦,20000000,100000,20000,800,7,0
45061,538052616,20120808,雪風改,陽炎型,8番艦,20000000,100000,20000,800,8,21828A00
45237,538052617,20120809,天津風改,陽炎型,9番艦,20000000,100000,20000,800,9,30125809
45242,538052618,2012080A,時津風改,陽炎型,10番艦,20000000,100000,20000,800,A,0
45224,538052619,2012080B,浦風改,陽炎型,11番艦,20000000,100000,20000,800,B,2D12680B
45223,538052620,2012080C,磯風改,陽炎型,12番艦,20000000,100000,20000,800,C,2B12080C
45226,538052621,2012080D,浜風改,陽炎型,13番艦,20000000,100000,20000,800,D,2B12080D
45225,538052622,2012080E,谷風改,陽炎型,14番艦,20000000,100000,20000,800,E,2D12580E
45271,538052623,2012080F,野分改,陽炎型,15番艦,20000000,100000,20000,800,F,0
45310,538052624,20120810,嵐改,陽炎型,16番艦,20000000,100000,20000,800,10,0
45311,538052625,20120811,萩風改,陽炎型,17番艦,20000000,100000,20000,800,11,0
45175,538052626,20120812,舞風改,陽炎型,18番艦,20000000,100000,20000,800,12,0
45188,538052627,20120813,秋雲改,陽炎型,19番艦,20000000,100000,20000,800,13,30120813
45189,538052865,20120901,夕雲改,夕雲型,1番艦,20000000,100000,20000,900,1,30124901
45190,538052866,20120902,巻雲改,夕雲型,2番艦,20000000,100000,20000,900,2,30125902
45309,538052867,20120903,風雲改,夕雲型,3番艦,20000000,100000,20000,900,3,30126903
45191,538052868,20120904,長波改,夕雲型,4番艦,20000000,100000,20000,900,4,30124904
45527,538052869,20120905,巻波改,夕雲型,5番艦,20000000,100000,20000,900,5,0
45280,538052870,20120906,高波改,夕雲型,6番艦,20000000,100000,20000,900,6,0
45531,538052874,2012090A,涼波改,夕雲型,10番艦,20000000,100000,20000,900,A,0
45341,538052875,2012090B,藤波改,夕雲型,11番艦,20000000,100000,20000,900,B,0
45384,538052876,2012090C,早波改,夕雲型,12番艦,20000000,100000,20000,900,C,0
45340,538052877,2012090D,浜波改,夕雲型,13番艦,20000000,100000,20000,900,D,0
45308,538052878,2012090E,沖波改,夕雲型,14番艦,20000000,100000,20000,900,E,3012690E
45383,538052879,2012090F,岸波改,夕雲型,15番艦,20000000,100000,20000,900,F,0
45281,538052880,20120910,朝霜改,夕雲型,16番艦,20000000,100000,20000,900,10,30126910
45265,538052881,20120911,早霜改,夕雲型,17番艦,20000000,100000,20000,900,11,0
45481,538052882,20120912,秋霜改,夕雲型,18番艦,20000000,100000,20000,900,12,0
45266,538052883,20120913,清霜改,夕雲型,19番艦,20000000,100000,20000,900,13,0
45066,538053121,20120A01,島風改,島風型,1番艦,20000000,100000,20000,A00,1,0
45497,538053633,20120C01,松改,松型,1番艦,20000000,100000,20000,C00,1,0
45498,538053634,20120C02,竹改,松型,2番艦,20000000,100000,20000,C00,2,0
45500,538053636,20120C04,桃改,松型,4番艦,20000000,100000,20000,C00,4,0
45093,538055434,2012130A,三日月改,睦月型,10番艦,20000000,100000,21000,300,A,0
45488,538055941,20121505,有明改,初春型,5番艦,20000000,100000,21000,500,5,0
45489,538055942,20121506,夕暮改,初春型,6番艦,20000000,100000,21000,500,6,0
45542,538056709,20121805,早潮改,陽炎型,5番艦,10000000,100000,21000,800,5,20120807
45530,538056969,20121909,玉波改,夕雲型,9番艦,20000000,100000,21000,900,9,0
45499,538057731,20121C03,梅改,松型,3番艦,20000000,100000,21000,C00,3,0
45277,538069761,20124B01,秋月改,秋月型,1番艦,20000000,100000,24000,B00,1,0
45278,538069762,20124B02,照月改,秋月型,2番艦,20000000,100000,24000,B00,2,0
337,538069763,20124B03,涼月改,秋月型,3番艦,20000000,100000,24000,B00,3,0
45279,538069764,20124B04,初月改,秋月型,4番艦,20000000,100000,24000,B00,4,0
338,538069768,20124B08,冬月改,秋月型,8番艦,20000000,100000,24000,B00,8,0
45084,538116353,20130101,天龍改,天龍型,1番艦,20000000,100000,30000,100,1,30130101
45085,538116354,20130102,龍田改,天龍型,2番艦,20000000,100000,30000,100,2,30130102
45095,538116609,20130201,球磨改,球磨型,1番艦,20000000,100000,30000,200,1,30134201
45096,538116610,20130202,多摩改,球磨型,2番艦,20000000,100000,30000,200,2,30134202
45097,538116613,20130205,木曾改,球磨型,5番艦,20000000,100000,30000,200,5,30132205
45098,538116865,20130301,長良改,長良型,1番艦,20000000,100000,30000,300,1,0
45099,538116866,20130302,五十鈴改,長良型,2番艦,20000000,100000,30000,300,2,30138302
45100,538116867,20130303,名取改,長良型,3番艦,20000000,100000,30000,300,3,0
45101,538116868,20130304,由良改,長良型,4番艦,20000000,100000,30000,300,4,30136304
45165,538116869,20130305,鬼怒改,長良型,5番艦,20000000,100000,30000,300,5,30130305
45166,538116870,20130306,阿武隈改,長良型,6番艦,20000000,100000,30000,300,6,30132306
45102,538117121,20130401,川内改,川内型,1番艦,20000000,100000,30000,400,1,30130401
45103,538117122,20130402,神通改,川内型,2番艦,20000000,100000,30000,400,2,30130402
45104,538117123,20130403,那珂改,川内型,3番艦,20000000,100000,30000,400,3,30130403
45167,538117377,20130501,夕張改,夕張型,1番艦,20000000,100000,30000,500,1,30130501
45239,538117889,20130701,大淀改,大淀型,1番艦,20000000,100000,30000,700,1,0
45210,538120705,20131201,香取改,香取型,1番艦,20000000,100000,31000,200,1,0
45321,538120706,20131202,鹿島改,香取型,2番艦,20000000,100000,31000,200,2,0
98,538124803,20132203,北上改,球磨型,3番艦,20000000,100000,32000,200,3,30132203
97,538124804,20132204,大井改,球磨型,4番艦,20000000,100000,32000,200,4,30132204
45193,538134017,20134601,阿賀野改,阿賀野型,1番艦,20000000,100000,34000,600,1,0
45194,538134018,20134602,能代改,阿賀野型,2番艦,20000000,100000,34000,600,2,30134602
45195,538134019,20134603,矢矧改,阿賀野型,3番艦,20000000,100000,34000,600,3,30134603
45196,538134020,20134604,酒匂改,阿賀野型,4番艦,20000000,100000,34000,600,4,0
439,538137089,20135201,迅鯨改,迅鯨型,1番艦,20000000,100000,35000,200,1,0
440,538137090,20135202,長鯨改,迅鯨型,2番艦,20000000,100000,35000,200,2,0
549,538137347,20135303,平安丸改,改氷川丸級,3番艦,20000000,100000,35000,300,3,0
45108,538181889,20140101,古鷹改,古鷹型,1番艦,20000000,100000,40000,100,1,30140101
45109,538181890,20140102,加古改,古鷹型,2番艦,20000000,100000,40000,100,2,30140102
45110,538182145,20140201,青葉改,青葉型,1番艦,20000000,100000,40000,200,1,0
45176,538182146,20140202,衣笠改,青葉型,2番艦,20000000,100000,40000,200,2,30140202
45111,538182401,20140301,妙高改,妙高型,1番艦,20000000,100000,40000,300,1,30140301
45112,538182402,20140302,那智改,妙高型,2番艦,20000000,100000,40000,300,2,30140302
45113,538182403,20140303,足柄改,妙高型,3番艦,20000000,100000,40000,300,3,30140303
45114,538182404,20140304,羽黒改,妙高型,4番艦,20000000,100000,40000,300,4,30140304
45115,538182657,20140401,高雄改,高雄型,1番艦,20000000,100000,40000,400,1,0
45116,538182658,20140402,愛宕改,高雄型,2番艦,20000000,100000,40000,400,2,0
45117,538182659,20140403,摩耶改,高雄型,3番艦,20000000,100000,40000,400,3,30140403
45118,538182660,20140404,鳥海改,高雄型,4番艦,20000000,100000,40000,400,4,30140404
45119,538183169,20140601,利根改,利根型,1番艦,20000000,100000,40000,600,1,30144601
45120,538183170,20140602,筑摩改,利根型,2番艦,20000000,100000,40000,600,2,30144602
101,538199297,20144501,最上改,最上型,1番艦,20000000,100000,44000,500,1,30144501
117,538199298,20144502,三隈改,最上型,2番艦,20000000,100000,44000,500,2,30144502
129,538199299,20144503,鈴谷改,最上型,3番艦,20000000,100000,44000,500,3,30144503
130,538199300,20144504,熊野改,最上型,4番艦,20000000,100000,44000,500,4,30144504
45057,538247937,20150301,長門改,長門型,1番艦,20000000,100000,50000,300,1,30150301
45058,538247938,20150302,陸奥改,長門型,2番艦,20000000,100000,50000,300,2,30150302
136,538248193,20150401,大和改,大和型,1番艦,20000000,100000,50000,400,1,30152401
148,538248194,20150402,武蔵改,大和型,2番艦,20000000,100000,50000,400,2,30150402
45077,538251521,20151101,金剛改,金剛型,1番艦,20000000,100000,51000,100,1,30151101
45078,538251522,20151102,比叡改,金剛型,2番艦,20000000,100000,51000,100,2,30151102
45079,538251523,20151103,榛名改,金剛型,3番艦,20000000,100000,51000,100,3,30151103
45080,538251524,20151104,霧島改,金剛型,4番艦,20000000,100000,51000,100,4,30151104
45082,538263809,20154101,扶桑改,扶桑型,1番艦,20000000,100000,54000,100,1,30154101
45083,538263810,20154102,山城改,扶桑型,2番艦,20000000,100000,54000,100,2,30154102
102,538264065,20154201,伊勢改,伊勢型,1番艦,20000000,100000,54000,200,1,30154201
103,538264066,20154202,日向改,伊勢型,2番艦,20000000,100000,54000,200,2,30154202
45062,538312961,20160101,赤城改,赤城型,1番艦,20000000,100000,60000,100,1,30160101
45063,538312977,20160111,加賀改,加賀型,1番艦,20000000,100000,60000,110,1,30160111
45064,538313217,20160201,蒼龍改,蒼龍型,1番艦,20000000,100000,60000,200,1,30160201
45065,538313233,20160211,飛龍改,飛龍型,1番艦,20000000,100000,60000,210,1,30160211
45162,538313473,20160301,翔鶴改,翔鶴型,1番艦,20000000,100000,60000,300,1,30160301
108,538313474,20160302,瑞鶴改,翔鶴型,2番艦,20000000,100000,60000,300,2,30160302
206,538313729,20160401,雲龍改,雲龍型,1番艦,20000000,100000,60000,400,1,0
229,538313730,20160402,天城改,雲龍型,2番艦,20000000,100000,60000,400,2,0
230,538313731,20160403,葛城改,雲龍型,3番艦,20000000,100000,60000,400,3,0
45081,538317057,20161101,鳳翔改,鳳翔型,1番艦,20000000,100000,61000,100,1,30163101
45086,538317313,20161201,龍驤改,龍驤型,1番艦,20000000,100000,61000,200,1,30161201
190,538317569,20161301,龍鳳改,龍鳳型,1番艦,20000000,100000,61000,300,1,3E169301
45150,538317825,20161401,祥鳳改,祥鳳型,1番艦,20000000,100000,61000,400,1,0
113,538317826,20161402,瑞鳳改,祥鳳型,2番艦,20000000,100000,61000,400,2,30161402
45121,538318081,20161501,飛鷹改,飛鷹型,1番艦,20000000,100000,61000,500,1,0
45122,538318082,20161502,隼鷹改,飛鷹型,2番艦,20000000,100000,61000,500,2,30161502
45160,538318337,20161601,千歳航改,千歳型,1番艦,20000000,100000,61000,600,1,30161601
45161,538318338,20161602,千代田航改,千歳型,2番艦,20000000,100000,61000,600,2,30161602
45382,538326785,20163701,大鷹改,大鷹型,1番艦,20000000,100000,63000,700,1,30163701
45540,538326786,20163702,雲鷹改,大鷹型,2番艦,20000000,100000,63000,700,2,30163702
45380,538326788,20163704,神鷹改,大鷹型,4番艦,20000000,100000,63000,700,4,30163704
156,538330369,20164501,大鳳改,大鳳型,1番艦,20000000,100000,64000,500,1,0
45182,538378497,20170101,伊168改,海大VI型,1番艦,20000000,100000,70000,100,1,0
576,538379281,20170411,伊36改,巡潜乙型,17番艦,20000000,100000,70000,400,11,0
577,538379330,20170442,伊41改,巡潜乙型改一,2番艦,20000000,100000,70000,440,2,0
45492,538379527,20170507,伊47改,巡潜丙型,7番艦,20000000,100000,70000,500,7,0
45537,538380033,20170701,伊201改,潜高型,1番艦,20000000,100000,70000,700,1,0
487,538380035,20170703,伊203改,潜高型,3番艦,20000000,100000,70000,700,3,0
45219,538382080,20170F00,まるゆ改,（陸軍）,-,20000000,100000,70000,F00,0,0
45184,538395138,20174202,伊8改,巡潜3型,2番艦,20000000,100000,74000,200,2,0
45350,538395393,20174301,伊13改,巡潜甲型改二,1番艦,20000000,100000,74000,300,1,0
45351,538395394,20174302,伊14改,巡潜甲型改二,2番艦,20000000,100000,74000,300,2,0
45179,538395651,20174403,伊19改,巡潜乙型,3番艦,20000000,100000,74000,400,3,0
45339,538395655,20174407,伊26改,巡潜乙型,7番艦,20000000,100000,74000,400,7,0
45183,538395779,20174483,伊58改,巡潜乙型改二,3番艦,20000000,100000,74000,480,3,0
45349,538396161,20174601,伊400改,潜特型(伊400型潜水艦),1番艦,20000000,100000,74000,600,1,0
45211,538396162,20174602,伊401改,潜特型,2番艦,20000000,100000,74000,600,2,0
299,538444033,20180101,神威改,神威型,1番艦,20000000,100000,80000,100,1,30190201
250,538445057,20180501,秋津洲改,秋津洲型,1番艦,20000000,100000,80000,500,1,0
95,538452481,20182201,千歳改,千歳型,1番艦,20000000,100000,82000,200,1,30182201
96,538452482,20182202,千代田改,千歳型,2番艦,20000000,100000,82000,200,2,30182202
45307,538452737,20182301,瑞穂改,瑞穂型,1番艦,20000000,100000,82000,300,1,0
45437,538452993,20182401,日進改,日進型,1番艦,20000000,100000,82000,400,1,30182401
45316,538509569,20190101,速吸改,改風早型,1番艦,20000000,100000,90000,100,1,0
45556,538510338,20190402,山汐丸改,特2TL型,2番艦,20000000,100000,90000,400,2,0
166,538575104,201A0100,あきつ丸改,特種船丙型,-,20000000,100000,A0000,100,0,0
426,538575360,201A0200,神州丸改,陸軍特種船(R1),-,20000000,100000,A0000,200,0,0
45601,538575617,201A0301,第百一号輸送艦改,二等輸送艦,1番艦,20000000,100000,A0000,300,1,0
548,538575872,201A0400,熊野丸改,特種船M丙型,-,20000000,100000,A0000,400,0,0
187,538640640,201B0100,明石改,明石型,-,20000000,100000,B0000,100,0,0
558,538640898,201B0202,朝日改,改敷島型,2番艦,20000000,100000,B0000,200,2,0
45230,539100929,20220701,Z1改,Z1型,1番艦,20000000,200000,20000,700,1,30220701
45231,539100931,20220703,Z3改,Z1型,3番艦,20000000,200000,20000,700,3,30220703
177,539232259,20240803,Prinz Eugen改,Admiral Hipper級,3番艦,20000000,200000,40000,800,3,0
172,539305985,20252801,Bismarck改,Bismarck級,1番艦,20000000,200000,52000,800,1,30252801
45288,539363329,20260801,Graf Zeppelin改,Graf Zeppelin級,1番艦,20000000,200000,60000,800,1,0
45287,539427595,2027030B,U-511改,UボートIXC型,-,20000000,200000,70000,300,B,1017080B
380,540148993,20320501,Maestrale改,Maestrale級,1番艦,20000000,300000,20000,500,1,0
419,540148994,20320502,Grecale改,Maestrale級,2番艦,20000000,300000,20000,500,2,0
45299,540148995,20320503,Libeccio改,Maestrale級,3番艦,20000000,300000,20000,500,3,0
45509,540148996,20320504,Scirocco改,Maestrale級,4番艦,20000000,300000,20000,500,4,0
45445,540215041,20330701,L.d.S.D.d.Abruzzi改,L.d.S.D.d.Abruzzi級,1番艦,20000000,300000,30000,700,1,0
45446,540215042,20330702,G.Garibaldi改,L.d.S.D.d.Abruzzi級,2番艦,20000000,300000,30000,700,2,0
45304,540280577,20340701,Zara改,Zara級,1番艦,20000000,300000,40000,700,1,30340701
45305,540280579,20340703,Pola改,Zara級,3番艦,20000000,300000,40000,700,3,0
478,540349697,20351501,Conte di Cavour改,Conte di Cavour級,1番艦,20000000,300000,51000,500,1,30351501
246,540354562,20352802,Italia,V.Veneto級,2番艦,20000000,300000,52000,800,2,0
247,540354564,20352804,Roma改,V.Veneto級,4番艦,20000000,300000,52000,800,4,0
45300,540411905,20360801,Aquila改,Aquila級,1番艦,20000000,300000,60000,800,1,0
45381,540477188,20370704,Luigi Torelli改,Guglielmo Marconi級,4番艦,20000000,300000,70000,700,4,10270704
45590,540477194,2037070A,C.Cappellini改,Marcello級,10番艦,20000000,300000,70000,700,A,1027070A
45417,541136970,2041184A,Samuel B.Roberts改,John C.Butler級,DE-413,20000000,400000,11000,800,4A,3041184A
45452,541198336,20420800,Fletcher改,Fletcher級,DD-445,20000000,400000,20000,800,0,22420800
45418,541198448,20420870,Johnston改,Fletcher級,DD-557,20000000,400000,20000,800,70,0
45597,541198554,204208DA,Heywood L.E.,Fletcher級,DD-663,20000000,400000,20000,800,DA,0
45553,541263617,20430701,Brooklyn改,Brooklyn級,1番艦,20000000,400000,30000,700,1,0
45454,541263623,20430707,Honolulu改,Brooklyn級,7番艦,20000000,400000,30000,700,7,0
420,541263746,20430782,Helena改,St.Louis級,2番艦,20000000,400000,30000,780,2,0
45453,541296641,20438801,Atlanta改,Atlanta級,1番艦,20000000,400000,38000,800,1,0
460,541328897,20440601,Northampton改,Northampton級,1番艦,20000000,400000,40000,600,1,0
400,541328901,20440605,Houston改,Northampton級,5番艦,20000000,400000,40000,600,5,0
528,541329156,20440704,Tuscaloosa改,New Orleans級,4番艦,20000000,400000,40000,700,4,0
529,541394433,20450601,Nevada改,Nevada級,1番艦,20000000,400000,50000,600,1,22450601
406,541394689,20450701,Colorado改,Colorado級,1番艦,20000000,400000,50000,700,1,0
518,541394690,20450702,Maryland改,Colorado級,2番艦,20000000,400000,50000,700,2,0
459,541403138,20452802,Washington改,North Carolina級,2番艦,20000000,400000,52000,800,2,0
407,541403265,20452881,South Dakota改,South Dakota級,1番艦,20000000,400000,52000,880,1,0
538,541403267,20452883,Massachusetts改,South Dakota級,3番艦,20000000,400000,52000,880,3,0
45296,541403393,20452901,Iowa改,Iowa級,1番艦,20000000,400000,52000,900,1,0
238,541460482,20460802,Saratoga改,Lexington級,2番艦,20000000,400000,60000,800,2,30468802
45587,541460609,20460881,Ranger改,Ranger級,1番艦,20000000,400000,60000,880,1,0
45459,541460739,20460903,Hornet改,Yorktown級,3番艦,20000000,400000,60000,900,3,0
45405,541460997,20460A05,Intrepid改,Essex級,5番艦,20000000,400000,60000,A00,5,0
45400,541472019,20463513,Gambier Bay改,Casablanca級,19番艦,20000000,400000,63000,500,13,30463513
530,541472262,20463606,Langley改,Independence級,6番艦,20000000,400000,63000,600,6,0
496,541526016,20470800,Salmon改,Salmon級,SS-182,20000000,400000,70000,800,0,0
45548,541526544,20470A10,Drum改,Gato級,SS-228,20000000,400000,70000,A00,10,0
45549,541526593,20470A41,Scamp改,Gato級,SS-277,20000000,400000,70000,A00,41,0
45375,542246657,20520701,Jervis改,J級,1番艦,20000000,500000,20000,700,1,0
45376,542246661,20520705,Janus改,J級,5番艦,20000000,500000,20000,700,5,0
506,542246662,20520706,Javelin改,J級,6番艦,20000000,500000,20000,700,6,0
45370,542312197,20530705,Sheffield改,Town級,5番艦,20000000,500000,30000,700,5,0
45295,542443010,20550602,Warspite改,Queen Elizabeth級,2番艦,20000000,500000,50000,600,2,0
376,542443265,20550701,Nelson改,Nelson級,1番艦,20000000,500000,50000,700,1,0
377,542443266,20550702,Rodney改,Nelson級,2番艦,20000000,500000,50000,700,2,0
45371,542508545,20560601,Ark Royal改,Ark Royal級,1番艦,20000000,500000,60000,600,1,0
45541,542525442,20564802,Victorious改,Illustrious級,2番艦,20000000,500000,64000,800,2,0
45348,543500545,20652901,Richelieu改,Richelieu級,1番艦,20000000,600000,52000,900,1,0
45591,543500546,20652902,Jean Bart改,Richelieu級,2番艦,20000000,600000,52000,900,2,0
45347,543687937,20680501,Commandant Teste改,C.Teste級,1番艦,20000000,600000,80000,500,1,0
45369,544377089,20728901,Ташкент改,Ташкент級,1番艦,20000000,700000,28000,900,1,0
312,544543745,20751401,Октябрьская революция,Гангут級,1番艦,20000000,700000,51000,400,1,30751401
45455,546505729,20930401,De Ruyter改,De Ruyter級,1番艦,20000000,900000,30000,400,1,0
379,547555329,20A30801,Gotland改,Gotland級,1番艦,20000000,A00000,30000,800,1,30A34801
418,548603393,20B30601,Perth改,Perth級,1番艦,20000000,B00000,30000,600,1,0
451,562203136,21828A00,丹陽,改装陽炎型,-,21000000,800000,28000,800,0,30126808
428,574752768,22420800,Fletcher改 Mod.2,Fletcher級,DD-445,22000000,400000,20000,800,0,30424800
536,574948865,22450601,Nevada改 Mod.2,Nevada級,1番艦,22000000,400000,50000,600,1,0
357,722601996,2B12080C,磯風乙改,陽炎型,12番艦,2b000000,100000,20000,800,C,0
358,722601997,2B12080D,浜風乙改,陽炎型,13番艦,2b000000,100000,20000,800,D,0
359,756176910,2D12580E,谷風丁改,陽炎型,14番艦,2d000000,100000,25000,800,E,0
356,756181003,2D12680B,浦風丁改,陽炎型,11番艦,2d000000,100000,26000,800,B,0
226,806487041,30120401,吹雪改二,吹雪型,1番艦,30000000,100000,20000,400,1,0
220,806487045,30120405,叢雲改二,吹雪型,5番艦,30000000,100000,20000,400,5,0
195,806487057,30120411,綾波改二,綾波型,1番艦,30000000,100000,20000,410,1,0
427,806487058,30120412,敷波改二,綾波型,2番艦,30000000,100000,20000,410,2,0
503,806487061,30120415,天霧改二,綾波型,5番艦,30000000,100000,20000,410,5,3D123415
465,806487064,30120418,曙改二,綾波型,8番艦,30000000,100000,20000,410,8,0
207,806487066,3012041A,潮改二,綾波型,10番艦,30000000,100000,20000,410,A,0
237,806487073,30120421,暁改二,暁型,1番艦,30000000,100000,20000,420,1,0
204,806487297,30120501,初春改二,初春型,1番艦,30000000,100000,20000,500,1,0
145,806487554,30120602,時雨改二,白露型,2番艦,30000000,100000,20000,600,2,40126602
144,806487556,30120604,夕立改二,白露型,4番艦,30000000,100000,20000,600,4,0
263,806487809,30120701,朝潮改二,朝潮型,1番艦,30000000,100000,20000,700,1,3D123701
448,806488083,30120813,秋雲改二,陽炎型,19番艦,30000000,100000,20000,800,13,0
234,806490881,30121301,睦月改二,睦月型,1番艦,30000000,100000,21000,300,1,0
235,806490882,30121302,如月改二,睦月型,2番艦,30000000,100000,21000,300,2,0
559,806491140,30121404,深雪改二,吹雪型,4番艦,30000000,100000,21000,400,4,0
219,806491396,30121504,初霜改二,初春型,4番艦,30000000,100000,21000,500,4,0
298,806491651,30121603,村雨改二,白露型,3番艦,30000000,100000,21000,600,3,0
269,806491657,30121609,江風改二,白露型,9番艦,30000000,100000,21000,600,9,0
297,806495745,30122601,白露改二,白露型,1番艦,30000000,100000,22000,600,1,0
388,806495746,30122602,山風改二,改白露型,2番艦,30000000,100000,22000,600,2,3D123602
218,806499077,30123305,皐月改二,睦月型,5番艦,30000000,100000,23000,300,5,0
348,806499079,30123307,文月改二,睦月型,7番艦,30000000,100000,23000,300,7,0
466,806499337,30123409,磯波改二,吹雪型,9番艦,30000000,100000,23000,400,9,0
447,806499338,3012340A,浦波改二,吹雪型,10番艦,30000000,100000,23000,400,A,0
387,806499841,30123601,海風改二,改白露型,1番艦,30000000,100000,23000,600,1,0
199,806500098,30123702,大潮改二,朝潮型,2番艦,30000000,100000,23000,700,2,0
289,806500099,30123703,満潮改二,朝潮型,3番艦,30000000,100000,23000,700,3,0
290,806500100,30123704,荒潮改二,朝潮型,4番艦,30000000,100000,23000,700,4,0
198,806500105,30123709,霰改二,朝潮型,9番艦,30000000,100000,23000,700,9,0
264,806500106,3012370A,霞改二,朝潮型,10番艦,30000000,100000,23000,700,A,3B12370A
366,806504449,30124801,陽炎改二,陽炎型,1番艦,30000000,100000,24000,800,1,0
367,806504450,30124802,不知火改二,陽炎型,2番艦,30000000,100000,24000,800,2,0
342,806504705,30124901,夕雲改二,夕雲型,1番艦,30000000,100000,24000,900,1,0
343,806504708,30124904,長波改二,夕雲型,4番艦,30000000,100000,24000,900,4,0
449,806504710,30124906,高波改二,夕雲型,6番艦,30000000,100000,24000,900,6,0
551,806508553,30125809,天津風改二,改装陽炎型,9番艦,30000000,100000,25000,800,9,0
363,806508802,30125902,巻雲改二,夕雲型,2番艦,30000000,100000,25000,900,2,0
368,806512643,30126803,黒潮改二,陽炎型,3番艦,30000000,100000,26000,800,3,0
470,806512644,30126804,親潮改二,陽炎型,4番艦,30000000,100000,26000,800,4,0
456,806512648,30126808,雪風改二,改陽炎型,8番艦,30000000,100000,26000,800,8,0
364,806512899,30126903,風雲改二,夕雲型,3番艦,30000000,100000,26000,900,3,0
369,806512910,3012690E,沖波改二,夕雲型,14番艦,30000000,100000,26000,900,E,0
378,806512912,30126910,朝霜改二,夕雲型,16番艦,30000000,100000,26000,900,10,0
515,806516741,30127805,早潮改二,陽炎型,5番艦,30000000,100000,27000,800,5,0
277,806551809,30130101,天龍改二,天龍型,1番艦,30000000,100000,30000,100,1,0
278,806551810,30130102,龍田改二,天龍型,2番艦,30000000,100000,30000,100,2,0
287,806552325,30130305,鬼怒改二,長良型,5番艦,30000000,100000,30000,300,5,0
158,806552577,30130401,川内改二,川内型,1番艦,30000000,100000,30000,400,1,0
159,806552578,30130402,神通改二,川内型,2番艦,30000000,100000,30000,400,2,0
160,806552579,30130403,那珂改二,川内型,3番艦,30000000,100000,30000,400,3,0
422,806552833,30130501,夕張改二,夕張型,1番艦,30000000,100000,30000,500,1,3F132501
115,806560259,30132203,北上改二,球磨型,3番艦,30000000,100000,32000,200,3,0
114,806560260,30132204,大井改二,球磨型,4番艦,30000000,100000,32000,200,4,0
146,806560261,30132205,木曾改二,球磨型,5番艦,30000000,100000,32000,200,5,0
200,806560518,30132306,阿武隈改二,長良型,6番艦,30000000,100000,32000,300,6,0
452,806568449,30134201,球磨改二,改装球磨型,1番艦,30000000,100000,34000,200,1,3D132201
347,806568450,30134202,多摩改二,球磨型,2番艦,30000000,100000,34000,200,2,0
462,806569474,30134602,能代改二,改阿賀野型,2番艦,30000000,100000,34000,600,2,0
463,806569475,30134603,矢矧改二,改阿賀野型,3番艦,30000000,100000,34000,600,3,3B132603
288,806576900,30136304,由良改二,長良型,4番艦,30000000,100000,36000,300,4,0
141,806585090,30138302,五十鈴改二,長良型,2番艦,30000000,100000,38000,300,2,0
216,806617345,30140101,古鷹改二,古鷹型,1番艦,30000000,100000,40000,100,1,0
217,806617346,30140102,加古改二,古鷹型,2番艦,30000000,100000,40000,100,2,0
142,806617602,30140202,衣笠改二,青葉型,2番艦,30000000,100000,40000,200,2,0
191,806617857,30140301,妙高改二,妙高型,1番艦,30000000,100000,40000,300,1,0
192,806617858,30140302,那智改二,妙高型,2番艦,30000000,100000,40000,300,2,0
193,806617859,30140303,足柄改二,妙高型,3番艦,30000000,100000,40000,300,3,0
194,806617860,30140304,羽黒改二,妙高型,4番艦,30000000,100000,40000,300,4,0
228,806618115,30140403,摩耶改二,高雄型,3番艦,30000000,100000,40000,400,3,0
227,806618116,30140404,鳥海改二,高雄型,4番艦,30000000,100000,40000,400,4,0
301,806634753,30144501,最上改二,最上型,1番艦,30000000,100000,44000,500,1,3F146501
302,806634754,30144502,三隈改二,最上型,2番艦,30000000,100000,44000,500,2,3F182602
303,806634755,30144503,鈴谷改二,最上型,3番艦,30000000,100000,44000,500,3,30161803
304,806634756,30144504,熊野改二,最上型,4番艦,30000000,100000,44000,500,4,30161804
188,806635009,30144601,利根改二,利根型,1番艦,30000000,100000,44000,600,1,0
189,806635010,30144602,筑摩改二,利根型,2番艦,30000000,100000,44000,600,2,0
341,806683393,30150301,長門改二,長門型,1番艦,30000000,100000,50000,300,1,0
373,806683394,30150302,陸奥改二,長門型,2番艦,30000000,100000,50000,300,2,0
346,806683650,30150402,武蔵改二,大和型,2番艦,30000000,100000,50000,400,2,0
149,806686977,30151101,金剛改二,金剛型,1番艦,30000000,100000,51000,100,1,3C151101
150,806686978,30151102,比叡改二,金剛型,2番艦,30000000,100000,51000,100,2,3C151102
151,806686979,30151103,榛名改二,金剛型,3番艦,30000000,100000,51000,100,3,3B151103
152,806686980,30151104,霧島改二,金剛型,4番艦,30000000,100000,51000,100,4,0
511,806691841,30152401,大和改二,改大和型,1番艦,30000000,100000,52000,400,1,3F154401
211,806699265,30154101,扶桑改二,扶桑型,1番艦,30000000,100000,54000,100,1,0
212,806699266,30154102,山城改二,扶桑型,2番艦,30000000,100000,54000,100,2,0
353,806699521,30154201,伊勢改二,改伊勢型,1番艦,30000000,100000,54000,200,1,0
354,806699522,30154202,日向改二,改伊勢型,2番艦,30000000,100000,54000,200,2,0
404,806748417,30160101,赤城改二,改赤城型,1番艦,30000000,100000,60000,100,1,3E168101
405,806748433,30160111,加賀改二,改加賀型,1番艦,30000000,100000,60000,110,1,3E168111
197,806748673,30160201,蒼龍改二,蒼龍型,1番艦,30000000,100000,60000,200,1,0
196,806748689,30160211,飛龍改二,飛龍型,1番艦,30000000,100000,60000,210,1,0
261,806748929,30160301,翔鶴改二,翔鶴型,1番艦,30000000,100000,60000,300,1,3A164301
262,806748930,30160302,瑞鶴改二,翔鶴型,2番艦,30000000,100000,60000,300,2,3A164302
157,806752769,30161201,龍驤改二,龍驤型,1番艦,30000000,100000,61000,200,1,0
488,806753025,30161301,龍鳳改二,改龍鳳型,1番艦,30000000,100000,61000,300,1,3E169301
355,806753282,30161402,瑞鳳改二,祥鳳型,2番艦,30000000,100000,61000,400,2,3B163402
208,806753538,30161502,隼鷹改二,飛鷹型,2番艦,30000000,100000,61000,500,2,0
121,806753793,30161601,千歳航改二,千歳型,1番艦,30000000,100000,61000,600,1,0
122,806753794,30161602,千代田航改二,千歳型,2番艦,30000000,100000,61000,600,2,0
308,806754307,30161803,鈴谷航改二,最上型,3番艦,30000000,100000,61000,800,3,30144503
309,806754308,30161804,熊野航改二,最上型,4番艦,30000000,100000,61000,800,4,30144504
494,806760705,30163101,鳳翔改二,改鳳翔型,1番艦,30000000,100000,63000,100,1,3F163101
331,806762241,30163701,大鷹改二,大鷹型,1番艦,30000000,100000,63000,700,1,0
489,806762242,30163702,雲鷹改二,大鷹型,2番艦,30000000,100000,63000,700,2,0
336,806762244,30163704,神鷹改二,大鷹型,4番艦,30000000,100000,63000,700,4,0
99,806887937,30182201,千歳甲,千歳型,1番艦,30000000,100000,82000,200,1,10161601
100,806887938,30182202,千代田甲,千歳型,2番艦,30000000,100000,82000,200,2,10161602
386,806888449,30182401,日進甲,日進型,1番艦,30000000,100000,82000,400,1,0
300,806945281,30190201,神威改母,神威型,1番艦,30000000,100000,90000,200,1,0
179,807536385,30220701,Z1 zwei,Z1型,1番艦,30000000,200000,20000,700,1,0
180,807536387,30220703,Z3 zwei,Z1型,3番艦,30000000,200000,20000,700,3,0
173,807741441,30252801,Bismarck zwei,Bismarck級,1番艦,30000000,200000,52000,800,1,40252801
296,808716033,30340701,Zara due,Zara級,1番艦,30000000,300000,40000,700,1,0
479,808785153,30351501,Conte di Cavour nuovo,Conte di Cavour級,1番艦,30000000,300000,51000,500,1,0
520,809572426,3041184A,Samuel B.Roberts Mk.II,John C.Butler級,DE-413,30000000,400000,11000,800,4A,0
429,809650176,30424800,Fletcher Mk.II,改Fletcher級,DD-445,30000000,400000,24000,800,0,22420800
458,809907475,30463513,Gambier Bay Mk.II,Casablanca級,19番艦,30000000,400000,63000,500,13,0
345,809928706,30468802,Saratoga Mk.II,Lexington級,2番艦,30000000,400000,68000,800,2,32464802
147,812778530,30720422,Верный,暁型,2番艦,30000000,700000,20000,420,2,0
316,812979201,30751401,Гангут два,Гангут級,1番艦,30000000,700000,51000,400,1,0
430,816007169,30A34801,Gotland andra,Gotland級,1番艦,30000000,A00000,34000,800,1,0
350,843466754,32464802,Saratoga Mk.II Mod.2,Lexington級,2番艦,32000000,400000,64000,800,2,30468802
266,974537473,3A164301,翔鶴改二甲,翔鶴型,1番艦,3a000000,100000,64000,300,1,30160301
267,974537474,3A164302,瑞鶴改二甲,翔鶴型,2番艦,3a000000,100000,64000,300,2,30160302
270,991049482,3B12370A,霞改二乙,朝潮型,10番艦,3b000000,100000,23000,700,A,3012370A
468,991110659,3B132603,矢矧改二乙,改阿賀野型,3番艦,3b000000,100000,32000,600,3,30134603
393,991236355,3B151103,榛名改二乙,改金剛型,3番艦,3b000000,100000,51000,100,3,3C151103
360,991310850,3B163402,瑞鳳改二乙,祥鳳型,2番艦,3b000000,100000,63000,400,2,30161402
391,1008013569,3C151101,金剛改二丙,改金剛型,1番艦,3c000000,100000,51000,100,1,0
392,1008013570,3C151102,比叡改二丙,改金剛型,2番艦,3c000000,100000,51000,100,2,0
554,1008013571,3C151103,榛名改二丙,改金剛型,3番艦,3c000000,100000,51000,100,3,3B151103
508,1024603157,3D123415,天霧改二丁,綾波型,5番艦,3d000000,100000,23000,410,5,30120415
467,1024603650,3D123602,山風改二丁,改白露型,2番艦,3d000000,100000,23000,600,2,30122602
268,1024603905,3D123701,朝潮改二丁,朝潮型,1番艦,3d000000,100000,23000,700,1,30120701
424,1024656641,3D130501,夕張改二丁,夕張型,1番艦,3d000000,100000,30000,500,1,30130501
457,1024664065,3D132201,球磨改二丁,改装球磨型,1番艦,3d000000,100000,32000,200,1,30134201
409,1041662209,3E168101,赤城改二戊,改赤城型,1番艦,3.00E+00,100000,68000,100,1,30160101
410,1041662225,3E168111,加賀改二戊,改加賀型,1番艦,3.00E+00,100000,68000,110,1,3F162111
483,1041666817,3E169301,龍鳳改二戊,改龍鳳型,1番艦,3.00E+00,100000,69000,300,1,30161301
423,1058219265,3F132501,夕張改二特,夕張型,1番艦,3f000000,100000,32000,500,1,3D130501
306,1058301185,3F146501,最上改二特,最上型,1番艦,3f000000,100000,46000,500,1,30144501
516,1058358273,3F154401,大和改二重,改大和型,1番艦,3f000000,100000,54000,400,1,30152401
446,1058414865,3F162111,加賀改二護,改加賀型,1番艦,3f000000,100000,62000,110,1,30160111
499,1058418945,3F163101,鳳翔改二戦,改鳳翔型,1番艦,3f000000,100000,63000,100,1,30163101
307,1058547202,3F182602,三隈改二特,最上型,2番艦,3f000000,100000,82000,600,2,30144502
561,1074947586,40126602,時雨改三,改装白露型,2番艦,40000000,100000,26000,600,2,0
178,1076176897,40252801,Bismarck drei,Bismarck級,1番艦,40000000,200000,52000,800,1,0
